0 verbose cli C:\Program Files\nodejs\node.exe C:\Program Files\nodejs\node_modules\npm\bin\npm-cli.js
1 info using npm@11.11.0
2 info using node@v24.14.1
3 silly config load:file:C:\Program Files\nodejs\node_modules\npm\npmrc
4 silly config load:file:C:\Users\munag\Documents\Codex\2026-08-01\thi\frontend\.npmrc
5 silly config load:file:C:\Users\munag\.npmrc
6 silly config load:file:C:\Users\munag\AppData\Roaming\npm\etc\npmrc
7 verbose title npm install
8 verbose argv "install"
9 verbose logfile logs-max:10 dir:C:\Users\munag\Documents\Codex\2026-08-01\thi\work\npm-cache\_logs\2026-08-01T07_17_23_723Z-
10 verbose logfile C:\Users\munag\Documents\Codex\2026-08-01\thi\work\npm-cache\_logs\2026-08-01T07_17_23_723Z-debug-0.log
11 silly logfile done cleaning log files
12 silly packumentCache heap:4496293888 maxSize:1124073472 maxEntrySize:562036736
13 silly idealTree buildDeps
14 silly fetch manifest @reduxjs/toolkit@^2.3.0
15 silly packumentCache full:https://registry.npmjs.org/@reduxjs%2ftoolkit cache-miss
16 http fetch GET 200 https://registry.npmjs.org/@reduxjs%2ftoolkit 146ms (cache miss)
17 silly packumentCache full:https://registry.npmjs.org/@reduxjs%2ftoolkit set size:undefined disposed:false
18 silly fetch manifest react@^18.3.1
19 silly packumentCache full:https://registry.npmjs.org/react cache-miss
20 http fetch GET 200 https://registry.npmjs.org/npm 185ms
21 http fetch GET 200 https://registry.npmjs.org/react 342ms (cache miss)
22 silly packumentCache full:https://registry.npmjs.org/react set size:undefined disposed:false
23 silly fetch manifest react-redux@^9.1.2
24 silly packumentCache full:https://registry.npmjs.org/react-redux cache-miss
25 http fetch GET 200 https://registry.npmjs.org/react-redux 47ms (cache miss)
26 silly packumentCache full:https://registry.npmjs.org/react-redux set size:undefined disposed:false
27 silly fetch manifest @types/react@^18.3.12
28 silly packumentCache full:https://registry.npmjs.org/@types%2freact cache-miss
29 http fetch GET 200 https://registry.npmjs.org/@types%2freact 163ms (cache miss)
30 silly packumentCache full:https://registry.npmjs.org/@types%2freact set size:undefined disposed:false
31 silly fetch manifest redux@^5.0.0
32 silly packumentCache full:https://registry.npmjs.org/redux cache-miss
33 http fetch GET 200 https://registry.npmjs.org/redux 47ms (cache miss)
34 silly packumentCache full:https://registry.npmjs.org/redux set size:undefined disposed:false
35 silly fetch manifest react-dom@^18.3.1
36 silly packumentCache full:https://registry.npmjs.org/react-dom cache-miss
37 http fetch GET 200 https://registry.npmjs.org/react-dom 419ms (cache miss)
38 silly packumentCache full:https://registry.npmjs.org/react-dom set size:undefined disposed:false
39 silly fetch manifest @types/react-dom@^18.3.1
40 silly packumentCache full:https://registry.npmjs.org/@types%2freact-dom cache-miss
41 http fetch GET 200 https://registry.npmjs.org/@types%2freact-dom 510ms (cache miss)
42 silly packumentCache full:https://registry.npmjs.org/@types%2freact-dom set size:undefined disposed:false
43 silly fetch manifest @vitejs/plugin-react@^4.3.4
44 silly packumentCache full:https://registry.npmjs.org/@vitejs%2fplugin-react cache-miss
45 http fetch GET 200 https://registry.npmjs.org/@vitejs%2fplugin-react 57ms (cache miss)
46 silly packumentCache full:https://registry.npmjs.org/@vitejs%2fplugin-react set size:undefined disposed:false
47 silly fetch manifest vite@^5.4.10
48 silly packumentCache full:https://registry.npmjs.org/vite cache-miss
49 http fetch GET 200 https://registry.npmjs.org/vite 2299ms (cache miss)
50 silly packumentCache full:https://registry.npmjs.org/vite set size:undefined disposed:false
51 silly fetch manifest @types/node@^18.0.0 || >=20.0.0
52 silly packumentCache full:https://registry.npmjs.org/@types%2fnode cache-miss
53 http fetch GET 200 https://registry.npmjs.org/@types%2fnode 376ms (cache miss)
54 silly packumentCache full:https://registry.npmjs.org/@types%2fnode set size:undefined disposed:false
55 silly fetch manifest less@*
56 silly packumentCache full:https://registry.npmjs.org/less cache-miss
57 http fetch GET 200 https://registry.npmjs.org/less 41ms (cache miss)
58 silly packumentCache full:https://registry.npmjs.org/less set size:undefined disposed:false
59 silly fetch manifest lightningcss@^1.21.0
60 silly packumentCache full:https://registry.npmjs.org/lightningcss cache-miss
61 http fetch GET 200 https://registry.npmjs.org/lightningcss 41ms (cache miss)
62 silly packumentCache full:https://registry.npmjs.org/lightningcss set size:undefined disposed:false
63 silly fetch manifest sass@*
64 silly packumentCache full:https://registry.npmjs.org/sass cache-miss
65 http fetch GET 200 https://registry.npmjs.org/sass 59ms (cache miss)
66 silly packumentCache full:https://registry.npmjs.org/sass set size:undefined disposed:false
67 silly fetch manifest sass-embedded@*
68 silly packumentCache full:https://registry.npmjs.org/sass-embedded cache-miss
69 http fetch GET 200 https://registry.npmjs.org/sass-embedded 46ms (cache miss)
70 silly packumentCache full:https://registry.npmjs.org/sass-embedded set size:undefined disposed:false
71 silly fetch manifest stylus@*
72 silly packumentCache full:https://registry.npmjs.org/stylus cache-miss
73 http fetch GET 200 https://registry.npmjs.org/stylus 35ms (cache miss)
74 silly packumentCache full:https://registry.npmjs.org/stylus set size:undefined disposed:false
75 silly fetch manifest sugarss@*
76 silly packumentCache full:https://registry.npmjs.org/sugarss cache-miss
77 http fetch GET 200 https://registry.npmjs.org/sugarss 32ms (cache miss)
78 silly packumentCache full:https://registry.npmjs.org/sugarss set size:undefined disposed:false
79 silly fetch manifest postcss@^8.3.3
80 silly packumentCache full:https://registry.npmjs.org/postcss cache-miss
81 http fetch GET 200 https://registry.npmjs.org/postcss 53ms (cache miss)
82 silly packumentCache full:https://registry.npmjs.org/postcss set size:undefined disposed:false
83 silly fetch manifest terser@^5.4.0
84 silly packumentCache full:https://registry.npmjs.org/terser cache-miss
85 http fetch GET 200 https://registry.npmjs.org/terser 66ms (cache miss)
86 silly packumentCache full:https://registry.npmjs.org/terser set size:undefined disposed:false
87 silly fetch manifest typescript@^5.6.3
88 silly packumentCache full:https://registry.npmjs.org/typescript cache-miss
89 http fetch GET 200 https://registry.npmjs.org/typescript 652ms (cache miss)
90 silly packumentCache full:https://registry.npmjs.org/typescript set size:undefined disposed:false
91 silly placeDep ROOT @reduxjs/toolkit@2.12.0 OK for: aivoa-complaint-qms-frontend@0.1.0 want: ^2.3.0
92 silly placeDep ROOT @types/react@18.3.31 OK for: aivoa-complaint-qms-frontend@0.1.0 want: ^18.3.12
93 silly placeDep ROOT @types/react-dom@18.3.7 OK for: aivoa-complaint-qms-frontend@0.1.0 want: ^18.3.1
94 silly placeDep ROOT @vitejs/plugin-react@4.7.0 OK for: aivoa-complaint-qms-frontend@0.1.0 want: ^4.3.4
95 silly placeDep ROOT vite@5.4.21 OK for: @vitejs/plugin-react@4.7.0 want: ^4.2.0 || ^5.0.0 || ^6.0.0 || ^7.0.0
96 silly placeDep ROOT react@18.3.1 OK for: aivoa-complaint-qms-frontend@0.1.0 want: ^18.3.1
97 silly placeDep ROOT react-dom@18.3.1 OK for: aivoa-complaint-qms-frontend@0.1.0 want: ^18.3.1
98 silly placeDep ROOT react-redux@9.3.0 OK for: aivoa-complaint-qms-frontend@0.1.0 want: ^9.1.2
99 silly placeDep ROOT typescript@5.9.3 OK for: aivoa-complaint-qms-frontend@0.1.0 want: ^5.6.3
100 silly fetch manifest @standard-schema/spec@^1.0.0
101 silly packumentCache full:https://registry.npmjs.org/@standard-schema%2fspec cache-miss
102 silly fetch manifest @standard-schema/utils@^0.3.0
103 silly packumentCache full:https://registry.npmjs.org/@standard-schema%2futils cache-miss
104 silly fetch manifest immer@^11.0.0
105 silly packumentCache full:https://registry.npmjs.org/immer cache-miss
106 silly fetch manifest redux@^5.0.1
107 silly packumentCache full:https://registry.npmjs.org/redux cache-miss
108 silly fetch manifest redux-thunk@^3.1.0
109 silly packumentCache full:https://registry.npmjs.org/redux-thunk cache-miss
110 silly fetch manifest reselect@^5.1.0
111 silly packumentCache full:https://registry.npmjs.org/reselect cache-miss
112 silly fetch manifest csstype@^3.2.2
113 silly packumentCache full:https://registry.npmjs.org/csstype cache-miss
114 silly fetch manifest @types/prop-types@*
115 silly packumentCache full:https://registry.npmjs.org/@types%2fprop-types cache-miss
116 silly fetch manifest @babel/core@^7.28.0
117 silly packumentCache full:https://registry.npmjs.org/@babel%2fcore cache-miss
118 silly fetch manifest react-refresh@^0.17.0
119 silly packumentCache full:https://registry.npmjs.org/react-refresh cache-miss
120 silly fetch manifest @types/babel__core@^7.20.5
121 silly packumentCache full:https://registry.npmjs.org/@types%2fbabel__core cache-miss
122 silly fetch manifest @rolldown/pluginutils@1.0.0-beta.27
123 silly packumentCache full:https://registry.npmjs.org/@rolldown%2fpluginutils cache-miss
124 silly fetch manifest @babel/plugin-transform-react-jsx-self@^7.27.1
125 silly packumentCache full:https://registry.npmjs.org/@babel%2fplugin-transform-react-jsx-self cache-miss
126 silly fetch manifest @babel/plugin-transform-react-jsx-source@^7.27.1
127 silly packumentCache full:https://registry.npmjs.org/@babel%2fplugin-transform-react-jsx-source cache-miss
128 silly fetch manifest rollup@^4.20.0
129 silly packumentCache full:https://registry.npmjs.org/rollup cache-miss
130 http cache https://registry.npmjs.org/redux 57ms (cache hit)
131 silly packumentCache full:https://registry.npmjs.org/redux set size:553833 disposed:false
132 silly fetch manifest esbuild@^0.21.3
133 silly packumentCache full:https://registry.npmjs.org/esbuild cache-miss
134 http fetch GET 200 https://registry.npmjs.org/@standard-schema%2fspec 93ms (cache miss)
135 silly packumentCache full:https://registry.npmjs.org/@standard-schema%2fspec set size:undefined disposed:false
136 silly fetch manifest postcss@^8.4.43
137 silly packumentCache full:https://registry.npmjs.org/postcss cache-miss
138 http cache https://registry.npmjs.org/postcss 8ms (cache hit)
139 silly packumentCache full:https://registry.npmjs.org/postcss set size:756623 disposed:false
140 silly fetch manifest fsevents@~2.3.3
141 silly packumentCache full:https://registry.npmjs.org/fsevents cache-miss
142 http fetch GET 200 https://registry.npmjs.org/immer 111ms (cache miss)
143 silly packumentCache full:https://registry.npmjs.org/immer set size:undefined disposed:false
144 silly fetch manifest loose-envify@^1.1.0
145 silly packumentCache full:https://registry.npmjs.org/loose-envify cache-miss
146 http fetch GET 200 https://registry.npmjs.org/@standard-schema%2futils 128ms (cache miss)
147 silly packumentCache full:https://registry.npmjs.org/@standard-schema%2futils set size:undefined disposed:false
148 silly fetch manifest scheduler@^0.23.2
149 silly packumentCache full:https://registry.npmjs.org/scheduler cache-miss
150 http fetch GET 200 https://registry.npmjs.org/redux-thunk 129ms (cache miss)
151 silly packumentCache full:https://registry.npmjs.org/redux-thunk set size:undefined disposed:false
152 silly fetch manifest loose-envify@^1.1.0
153 silly packumentCache full:https://registry.npmjs.org/loose-envify cache-miss
154 http fetch GET 200 https://registry.npmjs.org/reselect 136ms (cache miss)
155 silly packumentCache full:https://registry.npmjs.org/reselect set size:undefined disposed:false
156 silly fetch manifest @types/use-sync-external-store@^0.0.6
157 silly packumentCache full:https://registry.npmjs.org/@types%2fuse-sync-external-store cache-miss
158 http fetch GET 200 https://registry.npmjs.org/@babel%2fplugin-transform-react-jsx-source 176ms (cache miss)
159 silly packumentCache full:https://registry.npmjs.org/@babel%2fplugin-transform-react-jsx-source set size:undefined disposed:false
160 silly fetch manifest use-sync-external-store@^1.4.0
161 silly packumentCache full:https://registry.npmjs.org/use-sync-external-store cache-miss
162 http fetch GET 200 https://registry.npmjs.org/loose-envify 95ms (cache miss)
163 silly packumentCache full:https://registry.npmjs.org/loose-envify set size:undefined disposed:false
164 http fetch GET 200 https://registry.npmjs.org/esbuild 235ms (cache miss)
165 silly packumentCache full:https://registry.npmjs.org/esbuild set size:undefined disposed:false
166 http fetch GET 200 https://registry.npmjs.org/@types%2fprop-types 367ms (cache miss)
167 silly packumentCache full:https://registry.npmjs.org/@types%2fprop-types set size:undefined disposed:false
168 http fetch GET 200 https://registry.npmjs.org/csstype 424ms (cache miss)
169 silly packumentCache full:https://registry.npmjs.org/csstype set size:undefined disposed:false
170 http fetch GET 200 https://registry.npmjs.org/@rolldown%2fpluginutils 451ms (cache miss)
171 silly packumentCache full:https://registry.npmjs.org/@rolldown%2fpluginutils set size:undefined disposed:false
172 http fetch GET 200 https://registry.npmjs.org/loose-envify 363ms (cache miss)
173 silly packumentCache full:https://registry.npmjs.org/loose-envify set size:undefined disposed:false
174 http fetch GET 200 https://registry.npmjs.org/@babel%2fplugin-transform-react-jsx-self 795ms (cache miss)
175 silly packumentCache full:https://registry.npmjs.org/@babel%2fplugin-transform-react-jsx-self set size:undefined disposed:false
176 http fetch GET 200 https://registry.npmjs.org/fsevents 856ms (cache miss)
177 silly packumentCache full:https://registry.npmjs.org/fsevents set size:undefined disposed:false
178 http fetch GET 200 https://registry.npmjs.org/rollup 1017ms (cache miss)
179 silly packumentCache full:https://registry.npmjs.org/rollup set size:undefined disposed:false
180 http fetch GET 200 https://registry.npmjs.org/@babel%2fcore 1056ms (cache miss)
181 silly packumentCache full:https://registry.npmjs.org/@babel%2fcore set size:undefined disposed:false
182 http fetch GET 200 https://registry.npmjs.org/use-sync-external-store 885ms (cache miss)
183 silly packumentCache full:https://registry.npmjs.org/use-sync-external-store set size:undefined disposed:false
184 http fetch GET 200 https://registry.npmjs.org/scheduler 1070ms (cache miss)
185 silly packumentCache full:https://registry.npmjs.org/scheduler set size:undefined disposed:false
186 http fetch GET 200 https://registry.npmjs.org/@types%2fuse-sync-external-store 1123ms (cache miss)
187 silly packumentCache full:https://registry.npmjs.org/@types%2fuse-sync-external-store set size:undefined disposed:false
188 http fetch GET 200 https://registry.npmjs.org/@types%2fbabel__core 1405ms (cache miss)
189 silly packumentCache full:https://registry.npmjs.org/@types%2fbabel__core set size:undefined disposed:false
190 http fetch GET 200 https://registry.npmjs.org/react-refresh 2203ms (cache miss)
191 silly packumentCache full:https://registry.npmjs.org/react-refresh set size:undefined disposed:false
192 silly placeDep ROOT @standard-schema/spec@1.1.0 OK for: @reduxjs/toolkit@2.12.0 want: ^1.0.0
193 silly placeDep ROOT @standard-schema/utils@0.3.0 OK for: @reduxjs/toolkit@2.12.0 want: ^0.3.0
194 silly placeDep ROOT immer@11.1.15 OK for: @reduxjs/toolkit@2.12.0 want: ^11.0.0
195 silly placeDep ROOT redux@5.0.1 OK for: @reduxjs/toolkit@2.12.0 want: ^5.0.1
196 silly placeDep ROOT redux-thunk@3.1.0 OK for: @reduxjs/toolkit@2.12.0 want: ^3.1.0
197 silly placeDep ROOT reselect@5.2.0 OK for: @reduxjs/toolkit@2.12.0 want: ^5.1.0
198 silly placeDep ROOT @types/prop-types@15.7.15 OK for: @types/react@18.3.31 want: *
199 silly placeDep ROOT csstype@3.2.3 OK for: @types/react@18.3.31 want: ^3.2.2
200 silly placeDep ROOT @babel/core@7.29.7 OK for: @vitejs/plugin-react@4.7.0 want: ^7.28.0
201 silly placeDep ROOT @babel/plugin-transform-react-jsx-self@7.29.7 OK for: @vitejs/plugin-react@4.7.0 want: ^7.27.1
202 silly placeDep ROOT @babel/plugin-transform-react-jsx-source@7.29.7 OK for: @vitejs/plugin-react@4.7.0 want: ^7.27.1
203 silly placeDep ROOT @rolldown/pluginutils@1.0.0-beta.27 OK for: @vitejs/plugin-react@4.7.0 want: 1.0.0-beta.27
204 silly placeDep ROOT @types/babel__core@7.20.5 OK for: @vitejs/plugin-react@4.7.0 want: ^7.20.5
205 silly placeDep ROOT react-refresh@0.17.0 OK for: @vitejs/plugin-react@4.7.0 want: ^0.17.0
206 silly fetch manifest debug@^4.1.0
207 silly packumentCache full:https://registry.npmjs.org/debug cache-miss
208 silly fetch manifest json5@^2.2.3
209 silly packumentCache full:https://registry.npmjs.org/json5 cache-miss
210 silly fetch manifest semver@^6.3.1
211 silly packumentCache full:https://registry.npmjs.org/semver cache-miss
212 silly fetch manifest gensync@^1.0.0-beta.2
213 silly packumentCache full:https://registry.npmjs.org/gensync cache-miss
214 silly fetch manifest @babel/types@^7.29.7
215 silly packumentCache full:https://registry.npmjs.org/@babel%2ftypes cache-miss
216 silly fetch manifest @babel/parser@^7.29.7
217 silly packumentCache full:https://registry.npmjs.org/@babel%2fparser cache-miss
218 silly fetch manifest @babel/helpers@^7.29.7
219 silly packumentCache full:https://registry.npmjs.org/@babel%2fhelpers cache-miss
220 silly fetch manifest @babel/template@^7.29.7
221 silly packumentCache full:https://registry.npmjs.org/@babel%2ftemplate cache-miss
222 silly fetch manifest @babel/traverse@^7.29.7
223 silly packumentCache full:https://registry.npmjs.org/@babel%2ftraverse cache-miss
224 silly fetch manifest @babel/generator@^7.29.7
225 silly packumentCache full:https://registry.npmjs.org/@babel%2fgenerator cache-miss
226 silly fetch manifest @babel/code-frame@^7.29.7
227 silly packumentCache full:https://registry.npmjs.org/@babel%2fcode-frame cache-miss
228 silly fetch manifest convert-source-map@^2.0.0
229 silly packumentCache full:https://registry.npmjs.org/convert-source-map cache-miss
230 silly fetch manifest @jridgewell/remapping@^2.3.5
231 silly packumentCache full:https://registry.npmjs.org/@jridgewell%2fremapping cache-miss
232 silly fetch manifest @babel/helper-module-transforms@^7.29.7
233 silly packumentCache full:https://registry.npmjs.org/@babel%2fhelper-module-transforms cache-miss
234 silly fetch manifest @babel/helper-compilation-targets@^7.29.7
235 silly packumentCache full:https://registry.npmjs.org/@babel%2fhelper-compilation-targets cache-miss
236 http fetch GET 200 https://registry.npmjs.org/gensync 38ms (cache miss)
237 silly packumentCache full:https://registry.npmjs.org/gensync set size:undefined disposed:false
238 silly fetch manifest @babel/helper-plugin-utils@^7.29.7
239 silly packumentCache full:https://registry.npmjs.org/@babel%2fhelper-plugin-utils cache-miss
240 http fetch GET 200 https://registry.npmjs.org/debug 45ms (cache miss)
241 silly packumentCache full:https://registry.npmjs.org/debug set size:undefined disposed:false
242 silly fetch manifest @babel/helper-plugin-utils@^7.29.7
243 silly packumentCache full:https://registry.npmjs.org/@babel%2fhelper-plugin-utils cache-miss
244 http fetch GET 200 https://registry.npmjs.org/json5 49ms (cache miss)
245 silly packumentCache full:https://registry.npmjs.org/json5 set size:undefined disposed:false
246 silly fetch manifest @babel/types@^7.20.7
247 silly packumentCache full:https://registry.npmjs.org/@babel%2ftypes cache-miss
248 http fetch GET 200 https://registry.npmjs.org/@jridgewell%2fremapping 81ms (cache miss)
249 silly packumentCache full:https://registry.npmjs.org/@jridgewell%2fremapping set size:undefined disposed:false
250 silly fetch manifest @babel/parser@^7.20.7
251 silly packumentCache full:https://registry.npmjs.org/@babel%2fparser cache-miss
252 http fetch GET 200 https://registry.npmjs.org/convert-source-map 84ms (cache miss)
253 silly packumentCache full:https://registry.npmjs.org/convert-source-map set size:undefined disposed:false
254 silly fetch manifest @types/babel__template@*
255 silly packumentCache full:https://registry.npmjs.org/@types%2fbabel__template cache-miss
256 http fetch GET 200 https://registry.npmjs.org/@babel%2fcode-frame 92ms (cache miss)
257 silly packumentCache full:https://registry.npmjs.org/@babel%2fcode-frame set size:undefined disposed:false
258 silly fetch manifest @types/babel__traverse@*
259 silly packumentCache full:https://registry.npmjs.org/@types%2fbabel__traverse cache-miss
260 http fetch GET 200 https://registry.npmjs.org/semver 102ms (cache miss)
261 silly packumentCache full:https://registry.npmjs.org/semver set size:undefined disposed:false
262 silly fetch manifest @types/babel__generator@*
263 silly packumentCache full:https://registry.npmjs.org/@types%2fbabel__generator cache-miss
264 http fetch GET 200 https://registry.npmjs.org/@babel%2fparser 108ms (cache miss)
265 silly packumentCache full:https://registry.npmjs.org/@babel%2fparser set size:undefined disposed:false
266 http fetch GET 200 https://registry.npmjs.org/@types%2fbabel__generator 49ms (cache miss)
267 silly packumentCache full:https://registry.npmjs.org/@types%2fbabel__generator set size:undefined disposed:false
268 http fetch GET 200 https://registry.npmjs.org/@babel%2fhelpers 249ms (cache miss)
269 silly packumentCache full:https://registry.npmjs.org/@babel%2fhelpers set size:undefined disposed:false
270 http fetch GET 200 https://registry.npmjs.org/@babel%2ftypes 204ms (cache miss)
271 silly packumentCache full:https://registry.npmjs.org/@babel%2ftypes set size:undefined disposed:false
272 http fetch GET 200 https://registry.npmjs.org/@babel%2fgenerator 287ms (cache miss)
273 silly packumentCache full:https://registry.npmjs.org/@babel%2fgenerator set size:undefined disposed:false
274 http fetch GET 200 https://registry.npmjs.org/@babel%2fhelper-module-transforms 298ms (cache miss)
275 silly packumentCache full:https://registry.npmjs.org/@babel%2fhelper-module-transforms set size:undefined disposed:false
276 http fetch GET 200 https://registry.npmjs.org/@babel%2fparser 230ms (cache miss)
277 silly packumentCache full:https://registry.npmjs.org/@babel%2fparser set size:undefined disposed:false
278 http fetch GET 200 https://registry.npmjs.org/@babel%2ftypes 347ms (cache miss)
279 silly packumentCache full:https://registry.npmjs.org/@babel%2ftypes set size:undefined disposed:false
280 http fetch GET 200 https://registry.npmjs.org/@babel%2fhelper-compilation-targets 357ms (cache miss)
281 silly packumentCache full:https://registry.npmjs.org/@babel%2fhelper-compilation-targets set size:undefined disposed:false
282 http fetch GET 200 https://registry.npmjs.org/@babel%2fhelper-plugin-utils 369ms (cache miss)
283 silly packumentCache full:https://registry.npmjs.org/@babel%2fhelper-plugin-utils set size:undefined disposed:false
284 http fetch GET 200 https://registry.npmjs.org/@babel%2ftraverse 446ms (cache miss)
285 silly packumentCache full:https://registry.npmjs.org/@babel%2ftraverse set size:undefined disposed:false
286 http fetch GET 200 https://registry.npmjs.org/@babel%2fhelper-plugin-utils 411ms (cache miss)
287 silly packumentCache full:https://registry.npmjs.org/@babel%2fhelper-plugin-utils set size:undefined disposed:false
288 http fetch GET 200 https://registry.npmjs.org/@types%2fbabel__template 364ms (cache miss)
289 silly packumentCache full:https://registry.npmjs.org/@types%2fbabel__template set size:undefined disposed:false
290 http fetch GET 200 https://registry.npmjs.org/@types%2fbabel__traverse 691ms (cache miss)
291 silly packumentCache full:https://registry.npmjs.org/@types%2fbabel__traverse set size:undefined disposed:false
292 http fetch GET 200 https://registry.npmjs.org/@babel%2ftemplate 2966ms (cache miss)
293 silly packumentCache full:https://registry.npmjs.org/@babel%2ftemplate set size:undefined disposed:false
294 silly fetch manifest @babel/core@^7.0.0
295 silly packumentCache full:https://registry.npmjs.org/@babel%2fcore cache-miss
296 http cache https://registry.npmjs.org/@babel%2fcore 7ms (cache hit)
297 silly packumentCache full:https://registry.npmjs.org/@babel%2fcore set size:788273 disposed:false
298 silly placeDep ROOT @babel/code-frame@7.29.7 OK for: @babel/core@7.29.7 want: ^7.29.7
299 silly placeDep ROOT @babel/generator@7.29.8 OK for: @babel/core@7.29.7 want: ^7.29.7
300 silly placeDep ROOT @babel/helper-compilation-targets@7.29.7 OK for: @babel/core@7.29.7 want: ^7.29.7
301 silly placeDep ROOT @babel/helper-module-transforms@7.29.7 OK for: @babel/core@7.29.7 want: ^7.29.7
302 silly placeDep ROOT @babel/helpers@7.29.7 OK for: @babel/core@7.29.7 want: ^7.29.7
303 silly placeDep ROOT @babel/parser@7.29.8 OK for: @babel/core@7.29.7 want: ^7.29.7
304 silly placeDep ROOT @babel/template@7.29.7 OK for: @babel/core@7.29.7 want: ^7.29.7
305 silly placeDep ROOT @babel/traverse@7.29.8 OK for: @babel/core@7.29.7 want: ^7.29.7
306 silly placeDep ROOT @babel/types@7.29.8 OK for: @babel/core@7.29.7 want: ^7.29.7
307 silly placeDep ROOT @jridgewell/remapping@2.3.5 OK for: @babel/core@7.29.7 want: ^2.3.5
308 silly placeDep ROOT convert-source-map@2.0.0 OK for: @babel/core@7.29.7 want: ^2.0.0
309 silly placeDep ROOT debug@4.4.3 OK for: @babel/core@7.29.7 want: ^4.1.0
310 silly placeDep ROOT gensync@1.0.0-beta.2 OK for: @babel/core@7.29.7 want: ^1.0.0-beta.2
311 silly placeDep ROOT json5@2.2.3 OK for: @babel/core@7.29.7 want: ^2.2.3
312 silly placeDep ROOT semver@6.3.1 OK for: @babel/core@7.29.7 want: ^6.3.1
313 silly fetch manifest js-tokens@^4.0.0
314 silly packumentCache full:https://registry.npmjs.org/js-tokens cache-miss
315 silly fetch manifest picocolors@^1.1.1
316 silly packumentCache full:https://registry.npmjs.org/picocolors cache-miss
317 silly fetch manifest @babel/helper-validator-identifier@^7.29.7
318 silly packumentCache full:https://registry.npmjs.org/@babel%2fhelper-validator-identifier cache-miss
319 silly fetch manifest jsesc@^3.0.2
320 silly packumentCache full:https://registry.npmjs.org/jsesc cache-miss
321 silly fetch manifest @babel/types@^7.29.8
322 silly packumentCache full:https://registry.npmjs.org/@babel%2ftypes cache-miss
323 silly fetch manifest @babel/parser@^7.29.8
324 silly packumentCache full:https://registry.npmjs.org/@babel%2fparser cache-miss
325 silly fetch manifest @jridgewell/gen-mapping@^0.3.12
326 silly packumentCache full:https://registry.npmjs.org/@jridgewell%2fgen-mapping cache-miss
327 silly fetch manifest @jridgewell/trace-mapping@^0.3.28
328 silly packumentCache full:https://registry.npmjs.org/@jridgewell%2ftrace-mapping cache-miss
329 silly fetch manifest lru-cache@^5.1.1
330 silly packumentCache full:https://registry.npmjs.org/lru-cache cache-miss
331 silly fetch manifest browserslist@^4.24.0
332 silly packumentCache full:https://registry.npmjs.org/browserslist cache-miss
333 silly fetch manifest @babel/compat-data@^7.29.7
334 silly packumentCache full:https://registry.npmjs.org/@babel%2fcompat-data cache-miss
335 silly fetch manifest @babel/helper-validator-option@^7.29.7
336 silly packumentCache full:https://registry.npmjs.org/@babel%2fhelper-validator-option cache-miss
337 silly fetch manifest @babel/helper-module-imports@^7.29.7
338 silly packumentCache full:https://registry.npmjs.org/@babel%2fhelper-module-imports cache-miss
339 silly fetch manifest @babel/helper-validator-identifier@^7.29.7
340 silly packumentCache full:https://registry.npmjs.org/@babel%2fhelper-validator-identifier cache-miss
341 silly fetch manifest @babel/types@^7.29.8
342 silly packumentCache full:https://registry.npmjs.org/@babel%2ftypes cache-miss
343 http cache https://registry.npmjs.org/@babel%2fparser 15ms (cache hit)
344 silly packumentCache full:https://registry.npmjs.org/@babel%2fparser set size:737962 disposed:false
345 silly fetch manifest debug@^4.3.1
346 silly packumentCache full:https://registry.npmjs.org/debug cache-miss
347 http cache https://registry.npmjs.org/@babel%2ftypes 19ms (cache hit)
348 silly packumentCache full:https://registry.npmjs.org/@babel%2ftypes set size:502939 disposed:false
349 silly fetch manifest @babel/helper-globals@^7.29.7
350 silly packumentCache full:https://registry.npmjs.org/@babel%2fhelper-globals cache-miss
351 http cache https://registry.npmjs.org/@babel%2ftypes 20ms (cache hit)
352 silly packumentCache full:https://registry.npmjs.org/@babel%2ftypes set size:502939 disposed:false
353 silly packumentCache full:https://registry.npmjs.org/@babel%2ftypes dispose
354 silly fetch manifest @babel/helper-string-parser@^7.29.7
355 silly packumentCache full:https://registry.npmjs.org/@babel%2fhelper-string-parser cache-miss
356 http cache https://registry.npmjs.org/debug 15ms (cache hit)
357 silly packumentCache full:https://registry.npmjs.org/debug set size:195840 disposed:false
358 silly fetch manifest @babel/helper-validator-identifier@^7.29.7
359 silly packumentCache full:https://registry.npmjs.org/@babel%2fhelper-validator-identifier cache-miss
360 http fetch GET 200 https://registry.npmjs.org/picocolors 38ms (cache miss)
361 silly packumentCache full:https://registry.npmjs.org/picocolors set size:undefined disposed:false
362 silly fetch manifest @jridgewell/gen-mapping@^0.3.5
363 silly packumentCache full:https://registry.npmjs.org/@jridgewell%2fgen-mapping cache-miss
364 http fetch GET 200 https://registry.npmjs.org/js-tokens 52ms (cache miss)
365 silly packumentCache full:https://registry.npmjs.org/js-tokens set size:undefined disposed:false
366 silly fetch manifest @jridgewell/trace-mapping@^0.3.24
367 silly packumentCache full:https://registry.npmjs.org/@jridgewell%2ftrace-mapping cache-miss
368 http fetch GET 200 https://registry.npmjs.org/jsesc 63ms (cache miss)
369 silly packumentCache full:https://registry.npmjs.org/jsesc set size:undefined disposed:false
370 silly fetch manifest ms@^2.1.3
371 silly packumentCache full:https://registry.npmjs.org/ms cache-miss
372 http fetch GET 200 https://registry.npmjs.org/@babel%2fhelper-validator-identifier 67ms (cache miss)
373 silly packumentCache full:https://registry.npmjs.org/@babel%2fhelper-validator-identifier set size:undefined disposed:false
374 http fetch GET 200 https://registry.npmjs.org/@babel%2fhelper-validator-identifier 70ms (cache miss)
375 silly packumentCache full:https://registry.npmjs.org/@babel%2fhelper-validator-identifier set size:undefined disposed:false
376 http fetch GET 200 https://registry.npmjs.org/@babel%2fhelper-globals 51ms (cache miss)
377 silly packumentCache full:https://registry.npmjs.org/@babel%2fhelper-globals set size:undefined disposed:false
378 http fetch GET 200 https://registry.npmjs.org/@jridgewell%2fgen-mapping 75ms (cache miss)
379 silly packumentCache full:https://registry.npmjs.org/@jridgewell%2fgen-mapping set size:undefined disposed:false
380 http fetch GET 200 https://registry.npmjs.org/@babel%2fhelper-validator-identifier 44ms (cache miss)
381 silly packumentCache full:https://registry.npmjs.org/@babel%2fhelper-validator-identifier set size:undefined disposed:false
382 http fetch GET 200 https://registry.npmjs.org/@jridgewell%2fgen-mapping 48ms (cache miss)
383 silly packumentCache full:https://registry.npmjs.org/@jridgewell%2fgen-mapping set size:undefined disposed:false
384 http fetch GET 200 https://registry.npmjs.org/@babel%2fhelper-module-imports 89ms (cache miss)
385 silly packumentCache full:https://registry.npmjs.org/@babel%2fhelper-module-imports set size:undefined disposed:false
386 http fetch GET 200 https://registry.npmjs.org/@jridgewell%2ftrace-mapping 91ms (cache miss)
387 silly packumentCache full:https://registry.npmjs.org/@jridgewell%2ftrace-mapping set size:undefined disposed:false
388 http fetch GET 200 https://registry.npmjs.org/@babel%2fcompat-data 93ms (cache miss)
389 silly packumentCache full:https://registry.npmjs.org/@babel%2fcompat-data set size:undefined disposed:false
390 http fetch GET 200 https://registry.npmjs.org/browserslist 97ms (cache miss)
391 silly packumentCache full:https://registry.npmjs.org/browserslist set size:undefined disposed:false
392 http fetch GET 200 https://registry.npmjs.org/ms 41ms (cache miss)
393 silly packumentCache full:https://registry.npmjs.org/ms set size:undefined disposed:false
394 http fetch GET 200 https://registry.npmjs.org/@jridgewell%2ftrace-mapping 64ms (cache miss)
395 silly packumentCache full:https://registry.npmjs.org/@jridgewell%2ftrace-mapping set size:undefined disposed:false
396 http fetch GET 200 https://registry.npmjs.org/@babel%2fhelper-string-parser 313ms (cache miss)
397 silly packumentCache full:https://registry.npmjs.org/@babel%2fhelper-string-parser set size:undefined disposed:false
398 http fetch GET 200 https://registry.npmjs.org/lru-cache 442ms (cache miss)
399 silly packumentCache full:https://registry.npmjs.org/lru-cache set size:undefined disposed:false
400 http fetch GET 200 https://registry.npmjs.org/@babel%2fhelper-validator-option 550ms (cache miss)
401 silly packumentCache full:https://registry.npmjs.org/@babel%2fhelper-validator-option set size:undefined disposed:false
402 silly placeDep ROOT @babel/helper-validator-identifier@7.29.7 OK for: @babel/code-frame@7.29.7 want: ^7.29.7
403 silly placeDep ROOT js-tokens@4.0.0 OK for: @babel/code-frame@7.29.7 want: ^4.0.0
404 silly placeDep ROOT picocolors@1.1.1 OK for: @babel/code-frame@7.29.7 want: ^1.1.1
405 silly placeDep ROOT @jridgewell/gen-mapping@0.3.13 OK for: @babel/generator@7.29.8 want: ^0.3.12
406 silly placeDep ROOT @jridgewell/trace-mapping@0.3.31 OK for: @babel/generator@7.29.8 want: ^0.3.28
407 silly placeDep ROOT jsesc@3.1.0 OK for: @babel/generator@7.29.8 want: ^3.0.2
408 silly fetch manifest @jridgewell/sourcemap-codec@^1.5.0
409 silly packumentCache full:https://registry.npmjs.org/@jridgewell%2fsourcemap-codec cache-miss
410 silly fetch manifest @jridgewell/resolve-uri@^3.1.0
411 silly packumentCache full:https://registry.npmjs.org/@jridgewell%2fresolve-uri cache-miss
412 silly fetch manifest @jridgewell/sourcemap-codec@^1.4.14
413 silly packumentCache full:https://registry.npmjs.org/@jridgewell%2fsourcemap-codec cache-miss
414 http fetch GET 200 https://registry.npmjs.org/@jridgewell%2fsourcemap-codec 54ms (cache miss)
415 silly packumentCache full:https://registry.npmjs.org/@jridgewell%2fsourcemap-codec set size:undefined disposed:false
416 http fetch GET 200 https://registry.npmjs.org/@jridgewell%2fresolve-uri 66ms (cache miss)
417 silly packumentCache full:https://registry.npmjs.org/@jridgewell%2fresolve-uri set size:undefined disposed:false
418 http fetch GET 200 https://registry.npmjs.org/@jridgewell%2fsourcemap-codec 75ms (cache miss)
419 silly packumentCache full:https://registry.npmjs.org/@jridgewell%2fsourcemap-codec set size:undefined disposed:false
420 silly placeDep ROOT @babel/compat-data@7.29.7 OK for: @babel/helper-compilation-targets@7.29.7 want: ^7.29.7
421 silly placeDep ROOT @babel/helper-validator-option@7.29.7 OK for: @babel/helper-compilation-targets@7.29.7 want: ^7.29.7
422 silly placeDep ROOT browserslist@4.28.7 OK for: @babel/helper-compilation-targets@7.29.7 want: ^4.24.0
423 silly placeDep ROOT lru-cache@5.1.1 OK for: @babel/helper-compilation-targets@7.29.7 want: ^5.1.1
424 silly fetch manifest caniuse-lite@^1.0.30001806
425 silly packumentCache full:https://registry.npmjs.org/caniuse-lite cache-miss
426 silly fetch manifest node-releases@^2.0.51
427 silly packumentCache full:https://registry.npmjs.org/node-releases cache-miss
428 silly fetch manifest electron-to-chromium@^1.5.393
429 silly packumentCache full:https://registry.npmjs.org/electron-to-chromium cache-miss
430 silly fetch manifest update-browserslist-db@^1.2.3
431 silly packumentCache full:https://registry.npmjs.org/update-browserslist-db cache-miss
432 silly fetch manifest baseline-browser-mapping@^2.10.44
433 silly packumentCache full:https://registry.npmjs.org/baseline-browser-mapping cache-miss
434 silly fetch manifest yallist@^3.0.2
435 silly packumentCache full:https://registry.npmjs.org/yallist cache-miss
436 http fetch GET 200 https://registry.npmjs.org/yallist 58ms (cache miss)
437 silly packumentCache full:https://registry.npmjs.org/yallist set size:undefined disposed:false
438 http fetch GET 200 https://registry.npmjs.org/node-releases 77ms (cache miss)
439 silly packumentCache full:https://registry.npmjs.org/node-releases set size:undefined disposed:false
440 http fetch GET 200 https://registry.npmjs.org/baseline-browser-mapping 141ms (cache miss)
441 silly packumentCache full:https://registry.npmjs.org/baseline-browser-mapping set size:undefined disposed:false
442 http fetch GET 200 https://registry.npmjs.org/update-browserslist-db 296ms (cache miss)
443 silly packumentCache full:https://registry.npmjs.org/update-browserslist-db set size:undefined disposed:false
444 http fetch GET 200 https://registry.npmjs.org/electron-to-chromium 697ms (cache miss)
445 silly packumentCache full:https://registry.npmjs.org/electron-to-chromium set size:undefined disposed:false
446 http fetch GET 200 https://registry.npmjs.org/caniuse-lite 1012ms (cache miss)
447 silly packumentCache full:https://registry.npmjs.org/caniuse-lite set size:undefined disposed:false
448 silly placeDep ROOT @babel/helper-module-imports@7.29.7 OK for: @babel/helper-module-transforms@7.29.7 want: ^7.29.7
449 silly placeDep ROOT @babel/helper-plugin-utils@7.29.7 OK for: @babel/plugin-transform-react-jsx-self@7.29.7 want: ^7.29.7
450 silly placeDep ROOT @babel/helper-globals@7.29.7 OK for: @babel/traverse@7.29.8 want: ^7.29.7
451 silly placeDep ROOT @babel/helper-string-parser@7.29.7 OK for: @babel/types@7.29.8 want: ^7.29.7
452 silly placeDep ROOT @jridgewell/sourcemap-codec@1.5.5 OK for: @jridgewell/gen-mapping@0.3.13 want: ^1.5.0
453 silly placeDep ROOT @jridgewell/resolve-uri@3.1.2 OK for: @jridgewell/trace-mapping@0.3.31 want: ^3.1.0
454 silly placeDep ROOT @types/babel__generator@7.27.0 OK for: @types/babel__core@7.20.5 want: *
455 silly placeDep ROOT @types/babel__template@7.4.4 OK for: @types/babel__core@7.20.5 want: *
456 silly placeDep ROOT @types/babel__traverse@7.28.0 OK for: @types/babel__core@7.20.5 want: *
457 silly fetch manifest browserslist@>= 4.21.0
458 silly packumentCache full:https://registry.npmjs.org/browserslist cache-miss
459 http cache https://registry.npmjs.org/browserslist 18ms (cache hit)
460 silly packumentCache full:https://registry.npmjs.org/browserslist set size:516369 disposed:false
461 silly placeDep ROOT baseline-browser-mapping@2.11.9 OK for: browserslist@4.28.7 want: ^2.10.44
462 silly placeDep ROOT caniuse-lite@1.0.30001806 OK for: browserslist@4.28.7 want: ^1.0.30001806
463 silly placeDep ROOT electron-to-chromium@1.5.399 OK for: browserslist@4.28.7 want: ^1.5.393
464 silly placeDep ROOT node-releases@2.0.51 OK for: browserslist@4.28.7 want: ^2.0.51
465 silly placeDep ROOT update-browserslist-db@1.2.3 OK for: browserslist@4.28.7 want: ^1.2.3
466 silly fetch manifest escalade@^3.2.0
467 silly packumentCache full:https://registry.npmjs.org/escalade cache-miss
468 http fetch GET 200 https://registry.npmjs.org/escalade 37ms (cache miss)
469 silly packumentCache full:https://registry.npmjs.org/escalade set size:undefined disposed:false
470 silly placeDep ROOT ms@2.1.3 OK for: debug@4.4.3 want: ^2.1.3
471 silly placeDep ROOT yallist@3.1.1 OK for: lru-cache@5.1.1 want: ^3.0.2
472 silly placeDep ROOT loose-envify@1.4.0 OK for: react@18.3.1 want: ^1.1.0
473 silly placeDep ROOT scheduler@0.23.2 OK for: react-dom@18.3.1 want: ^0.23.2
474 silly fetch manifest react@^18.0 || ^19
475 silly packumentCache full:https://registry.npmjs.org/react cache-miss
476 http cache https://registry.npmjs.org/react 17ms (cache hit)
477 silly packumentCache full:https://registry.npmjs.org/react set size:6859098 disposed:false
478 silly placeDep ROOT @types/use-sync-external-store@0.0.6 OK for: react-redux@9.3.0 want: ^0.0.6
479 silly placeDep ROOT use-sync-external-store@1.6.0 OK for: react-redux@9.3.0 want: ^1.4.0
480 silly placeDep ROOT escalade@3.2.0 OK for: update-browserslist-db@1.2.3 want: ^3.2.0
481 silly placeDep ROOT esbuild@0.21.5 OK for: vite@5.4.21 want: ^0.21.3
482 silly placeDep ROOT fsevents@2.3.3 OK for: vite@5.4.21 want: ~2.3.3
483 silly placeDep ROOT postcss@8.5.25 OK for: vite@5.4.21 want: ^8.4.43
484 silly placeDep ROOT rollup@4.62.4 OK for: vite@5.4.21 want: ^4.20.0
485 silly fetch manifest @esbuild/aix-ppc64@0.21.5
486 silly packumentCache full:https://registry.npmjs.org/@esbuild%2faix-ppc64 cache-miss
487 silly fetch manifest @esbuild/linux-arm@0.21.5
488 silly packumentCache full:https://registry.npmjs.org/@esbuild%2flinux-arm cache-miss
489 silly fetch manifest @esbuild/linux-x64@0.21.5
490 silly packumentCache full:https://registry.npmjs.org/@esbuild%2flinux-x64 cache-miss
491 silly fetch manifest @esbuild/sunos-x64@0.21.5
492 silly packumentCache full:https://registry.npmjs.org/@esbuild%2fsunos-x64 cache-miss
493 silly fetch manifest @esbuild/win32-x64@0.21.5
494 silly packumentCache full:https://registry.npmjs.org/@esbuild%2fwin32-x64 cache-miss
495 silly fetch manifest @esbuild/darwin-x64@0.21.5
496 silly packumentCache full:https://registry.npmjs.org/@esbuild%2fdarwin-x64 cache-miss
497 silly fetch manifest @esbuild/linux-ia32@0.21.5
498 silly packumentCache full:https://registry.npmjs.org/@esbuild%2flinux-ia32 cache-miss
499 silly fetch manifest @esbuild/netbsd-x64@0.21.5
500 silly packumentCache full:https://registry.npmjs.org/@esbuild%2fnetbsd-x64 cache-miss
501 silly fetch manifest @esbuild/win32-ia32@0.21.5
502 silly packumentCache full:https://registry.npmjs.org/@esbuild%2fwin32-ia32 cache-miss
503 silly fetch manifest @esbuild/android-arm@0.21.5
504 silly packumentCache full:https://registry.npmjs.org/@esbuild%2fandroid-arm cache-miss
505 silly fetch manifest @esbuild/android-x64@0.21.5
506 silly packumentCache full:https://registry.npmjs.org/@esbuild%2fandroid-x64 cache-miss
507 silly fetch manifest @esbuild/freebsd-x64@0.21.5
508 silly packumentCache full:https://registry.npmjs.org/@esbuild%2ffreebsd-x64 cache-miss
509 silly fetch manifest @esbuild/linux-arm64@0.21.5
510 silly packumentCache full:https://registry.npmjs.org/@esbuild%2flinux-arm64 cache-miss
511 silly fetch manifest @esbuild/linux-ppc64@0.21.5
512 silly packumentCache full:https://registry.npmjs.org/@esbuild%2flinux-ppc64 cache-miss
513 silly fetch manifest @esbuild/linux-s390x@0.21.5
514 silly packumentCache full:https://registry.npmjs.org/@esbuild%2flinux-s390x cache-miss
515 http fetch GET 200 https://registry.npmjs.org/@esbuild%2faix-ppc64 52ms (cache miss)
516 silly packumentCache full:https://registry.npmjs.org/@esbuild%2faix-ppc64 set size:undefined disposed:false
517 silly fetch manifest @esbuild/openbsd-x64@0.21.5
518 silly packumentCache full:https://registry.npmjs.org/@esbuild%2fopenbsd-x64 cache-miss
519 http fetch GET 200 https://registry.npmjs.org/@esbuild%2flinux-arm64 54ms (cache miss)
520 silly packumentCache full:https://registry.npmjs.org/@esbuild%2flinux-arm64 set size:undefined disposed:false
521 silly fetch manifest @esbuild/win32-arm64@0.21.5
522 silly packumentCache full:https://registry.npmjs.org/@esbuild%2fwin32-arm64 cache-miss
523 http fetch GET 200 https://registry.npmjs.org/@esbuild%2flinux-ia32 59ms (cache miss)
524 silly packumentCache full:https://registry.npmjs.org/@esbuild%2flinux-ia32 set size:undefined disposed:false
525 silly fetch manifest @esbuild/darwin-arm64@0.21.5
526 silly packumentCache full:https://registry.npmjs.org/@esbuild%2fdarwin-arm64 cache-miss
527 http fetch GET 200 https://registry.npmjs.org/@esbuild%2fandroid-arm 65ms (cache miss)
528 silly packumentCache full:https://registry.npmjs.org/@esbuild%2fandroid-arm set size:undefined disposed:false
529 silly fetch manifest @esbuild/android-arm64@0.21.5
530 silly packumentCache full:https://registry.npmjs.org/@esbuild%2fandroid-arm64 cache-miss
531 http fetch GET 200 https://registry.npmjs.org/@esbuild%2flinux-arm 87ms (cache miss)
532 silly packumentCache full:https://registry.npmjs.org/@esbuild%2flinux-arm set size:undefined disposed:false
533 silly fetch manifest @esbuild/freebsd-arm64@0.21.5
534 silly packumentCache full:https://registry.npmjs.org/@esbuild%2ffreebsd-arm64 cache-miss
535 http fetch GET 200 https://registry.npmjs.org/@esbuild%2fdarwin-x64 103ms (cache miss)
536 silly packumentCache full:https://registry.npmjs.org/@esbuild%2fdarwin-x64 set size:undefined disposed:false
537 silly fetch manifest @esbuild/linux-loong64@0.21.5
538 silly packumentCache full:https://registry.npmjs.org/@esbuild%2flinux-loong64 cache-miss
539 http fetch GET 200 https://registry.npmjs.org/@esbuild%2fsunos-x64 107ms (cache miss)
540 silly packumentCache full:https://registry.npmjs.org/@esbuild%2fsunos-x64 set size:undefined disposed:false
541 silly fetch manifest @esbuild/linux-riscv64@0.21.5
542 silly packumentCache full:https://registry.npmjs.org/@esbuild%2flinux-riscv64 cache-miss
543 http fetch GET 200 https://registry.npmjs.org/@esbuild%2fnetbsd-x64 109ms (cache miss)
544 silly packumentCache full:https://registry.npmjs.org/@esbuild%2fnetbsd-x64 set size:undefined disposed:false
545 silly fetch manifest @esbuild/linux-mips64el@0.21.5
546 silly packumentCache full:https://registry.npmjs.org/@esbuild%2flinux-mips64el cache-miss
547 http fetch GET 200 https://registry.npmjs.org/@esbuild%2fwin32-ia32 116ms (cache miss)
548 silly packumentCache full:https://registry.npmjs.org/@esbuild%2fwin32-ia32 set size:undefined disposed:false
549 silly fetch manifest nanoid@^3.3.16
550 silly packumentCache full:https://registry.npmjs.org/nanoid cache-miss
551 http fetch GET 200 https://registry.npmjs.org/@esbuild%2fopenbsd-x64 71ms (cache miss)
552 silly packumentCache full:https://registry.npmjs.org/@esbuild%2fopenbsd-x64 set size:undefined disposed:false
553 silly fetch manifest source-map-js@^1.2.1
554 silly packumentCache full:https://registry.npmjs.org/source-map-js cache-miss
555 http fetch GET 200 https://registry.npmjs.org/@esbuild%2fwin32-arm64 74ms (cache miss)
556 silly packumentCache full:https://registry.npmjs.org/@esbuild%2fwin32-arm64 set size:undefined disposed:false
557 silly fetch manifest @types/estree@1.0.9
558 silly packumentCache full:https://registry.npmjs.org/@types%2festree cache-miss
559 http fetch GET 200 https://registry.npmjs.org/@esbuild%2fandroid-x64 144ms (cache miss)
560 silly packumentCache full:https://registry.npmjs.org/@esbuild%2fandroid-x64 set size:undefined disposed:false
561 silly fetch manifest @rollup/rollup-darwin-x64@4.62.4
562 silly packumentCache full:https://registry.npmjs.org/@rollup%2frollup-darwin-x64 cache-miss
563 http fetch GET 200 https://registry.npmjs.org/@esbuild%2flinux-s390x 153ms (cache miss)
564 silly packumentCache full:https://registry.npmjs.org/@esbuild%2flinux-s390x set size:undefined disposed:false
565 silly fetch manifest @rollup/rollup-freebsd-x64@4.62.4
566 silly packumentCache full:https://registry.npmjs.org/@rollup%2frollup-freebsd-x64 cache-miss
567 http fetch GET 200 https://registry.npmjs.org/source-map-js 32ms (cache miss)
568 silly packumentCache full:https://registry.npmjs.org/source-map-js set size:undefined disposed:false
569 silly fetch manifest @rollup/rollup-openbsd-x64@4.62.4
570 silly packumentCache full:https://registry.npmjs.org/@rollup%2frollup-openbsd-x64 cache-miss
571 http fetch GET 200 https://registry.npmjs.org/@esbuild%2ffreebsd-arm64 83ms (cache miss)
572 silly packumentCache full:https://registry.npmjs.org/@esbuild%2ffreebsd-arm64 set size:undefined disposed:false
573 silly fetch manifest @napi-rs/lzma-linux-x64-gnu@1.5.1
574 silly packumentCache full:https://registry.npmjs.org/@napi-rs%2flzma-linux-x64-gnu cache-miss
575 http fetch GET 200 https://registry.npmjs.org/@types%2festree 47ms (cache miss)
576 silly packumentCache full:https://registry.npmjs.org/@types%2festree set size:undefined disposed:false
577 silly fetch manifest @rollup/rollup-darwin-arm64@4.62.4
578 silly packumentCache full:https://registry.npmjs.org/@rollup%2frollup-darwin-arm64 cache-miss
579 http fetch GET 200 https://registry.npmjs.org/@esbuild%2flinux-mips64el 86ms (cache miss)
580 silly packumentCache full:https://registry.npmjs.org/@esbuild%2flinux-mips64el set size:undefined disposed:false
581 silly fetch manifest @rollup/rollup-android-arm64@4.62.4
582 silly packumentCache full:https://registry.npmjs.org/@rollup%2frollup-android-arm64 cache-miss
583 http fetch GET 200 https://registry.npmjs.org/@esbuild%2flinux-loong64 96ms (cache miss)
584 silly packumentCache full:https://registry.npmjs.org/@esbuild%2flinux-loong64 set size:undefined disposed:false
585 silly fetch manifest @rollup/rollup-freebsd-arm64@4.62.4
586 silly packumentCache full:https://registry.npmjs.org/@rollup%2frollup-freebsd-arm64 cache-miss
587 http fetch GET 200 https://registry.npmjs.org/@esbuild%2flinux-riscv64 99ms (cache miss)
588 silly packumentCache full:https://registry.npmjs.org/@esbuild%2flinux-riscv64 set size:undefined disposed:false
589 silly fetch manifest @rollup/rollup-linux-x64-gnu@4.62.4
590 silly packumentCache full:https://registry.npmjs.org/@rollup%2frollup-linux-x64-gnu cache-miss
591 http fetch GET 200 https://registry.npmjs.org/@esbuild%2flinux-ppc64 214ms (cache miss)
592 silly packumentCache full:https://registry.npmjs.org/@esbuild%2flinux-ppc64 set size:undefined disposed:false
593 silly fetch manifest @rollup/rollup-win32-x64-gnu@4.62.4
594 silly packumentCache full:https://registry.npmjs.org/@rollup%2frollup-win32-x64-gnu cache-miss
595 http fetch GET 200 https://registry.npmjs.org/@esbuild%2fwin32-x64 246ms (cache miss)
596 silly packumentCache full:https://registry.npmjs.org/@esbuild%2fwin32-x64 set size:undefined disposed:false
597 silly fetch manifest @rollup/rollup-linux-x64-musl@4.62.4
598 silly packumentCache full:https://registry.npmjs.org/@rollup%2frollup-linux-x64-musl cache-miss
599 http fetch GET 200 https://registry.npmjs.org/nanoid 136ms (cache miss)
600 silly packumentCache full:https://registry.npmjs.org/nanoid set size:undefined disposed:false
601 silly fetch manifest @rollup/rollup-win32-x64-msvc@4.62.4
602 silly packumentCache full:https://registry.npmjs.org/@rollup%2frollup-win32-x64-msvc cache-miss
603 http fetch GET 200 https://registry.npmjs.org/@rollup%2frollup-darwin-arm64 78ms (cache miss)
604 silly packumentCache full:https://registry.npmjs.org/@rollup%2frollup-darwin-arm64 set size:undefined disposed:false
605 silly fetch manifest @rollup/rollup-linux-arm64-gnu@4.62.4
606 silly packumentCache full:https://registry.npmjs.org/@rollup%2frollup-linux-arm64-gnu cache-miss
607 http fetch GET 200 https://registry.npmjs.org/@rollup%2frollup-android-arm64 89ms (cache miss)
608 silly packumentCache full:https://registry.npmjs.org/@rollup%2frollup-android-arm64 set size:undefined disposed:false
609 silly fetch manifest @rollup/rollup-linux-ppc64-gnu@4.62.4
610 silly packumentCache full:https://registry.npmjs.org/@rollup%2frollup-linux-ppc64-gnu cache-miss
611 http fetch GET 200 https://registry.npmjs.org/@rollup%2frollup-linux-x64-gnu 101ms (cache miss)
612 silly packumentCache full:https://registry.npmjs.org/@rollup%2frollup-linux-x64-gnu set size:undefined disposed:false
613 silly fetch manifest @rollup/rollup-linux-s390x-gnu@4.62.4
614 silly packumentCache full:https://registry.npmjs.org/@rollup%2frollup-linux-s390x-gnu cache-miss
615 http fetch GET 200 https://registry.npmjs.org/@esbuild%2ffreebsd-x64 321ms (cache miss)
616 silly packumentCache full:https://registry.npmjs.org/@esbuild%2ffreebsd-x64 set size:undefined disposed:false
617 silly fetch manifest @rollup/rollup-win32-ia32-msvc@4.62.4
618 silly packumentCache full:https://registry.npmjs.org/@rollup%2frollup-win32-ia32-msvc cache-miss
619 http fetch GET 200 https://registry.npmjs.org/@rollup%2frollup-linux-x64-musl 77ms (cache miss)
620 silly packumentCache full:https://registry.npmjs.org/@rollup%2frollup-linux-x64-musl set size:undefined disposed:false
621 silly fetch manifest @rollup/rollup-android-arm-eabi@4.62.4
622 silly packumentCache full:https://registry.npmjs.org/@rollup%2frollup-android-arm-eabi cache-miss
623 http fetch GET 200 https://registry.npmjs.org/@rollup%2frollup-win32-x64-msvc 83ms (cache miss)
624 silly packumentCache full:https://registry.npmjs.org/@rollup%2frollup-win32-x64-msvc set size:undefined disposed:false
625 silly fetch manifest @rollup/rollup-linux-arm64-musl@4.62.4
626 silly packumentCache full:https://registry.npmjs.org/@rollup%2frollup-linux-arm64-musl cache-miss
627 http fetch GET 200 https://registry.npmjs.org/@rollup%2frollup-linux-ppc64-gnu 63ms (cache miss)
628 silly packumentCache full:https://registry.npmjs.org/@rollup%2frollup-linux-ppc64-gnu set size:undefined disposed:false
629 silly fetch manifest @rollup/rollup-linux-ppc64-musl@4.62.4
630 silly packumentCache full:https://registry.npmjs.org/@rollup%2frollup-linux-ppc64-musl cache-miss
631 http fetch GET 200 https://registry.npmjs.org/@rollup%2frollup-linux-s390x-gnu 91ms (cache miss)
632 silly packumentCache full:https://registry.npmjs.org/@rollup%2frollup-linux-s390x-gnu set size:undefined disposed:false
633 silly fetch manifest @rollup/rollup-win32-arm64-msvc@4.62.4
634 silly packumentCache full:https://registry.npmjs.org/@rollup%2frollup-win32-arm64-msvc cache-miss
635 http fetch GET 200 https://registry.npmjs.org/@rollup%2frollup-win32-ia32-msvc 86ms (cache miss)
636 silly packumentCache full:https://registry.npmjs.org/@rollup%2frollup-win32-ia32-msvc set size:undefined disposed:false
637 silly fetch manifest @rollup/rollup-linux-loong64-gnu@4.62.4
638 silly packumentCache full:https://registry.npmjs.org/@rollup%2frollup-linux-loong64-gnu cache-miss
639 http fetch GET 200 https://registry.npmjs.org/@esbuild%2flinux-x64 413ms (cache miss)
640 silly packumentCache full:https://registry.npmjs.org/@esbuild%2flinux-x64 set size:undefined disposed:false
641 silly fetch manifest @rollup/rollup-linux-riscv64-gnu@4.62.4
642 silly packumentCache full:https://registry.npmjs.org/@rollup%2frollup-linux-riscv64-gnu cache-miss
643 http fetch GET 200 https://registry.npmjs.org/@rollup%2frollup-linux-arm64-musl 74ms (cache miss)
644 silly packumentCache full:https://registry.npmjs.org/@rollup%2frollup-linux-arm64-musl set size:undefined disposed:false
645 silly fetch manifest @rollup/rollup-openharmony-arm64@4.62.4
646 silly packumentCache full:https://registry.npmjs.org/@rollup%2frollup-openharmony-arm64 cache-miss
647 http fetch GET 200 https://registry.npmjs.org/@esbuild%2fdarwin-arm64 361ms (cache miss)
648 silly packumentCache full:https://registry.npmjs.org/@esbuild%2fdarwin-arm64 set size:undefined disposed:false
649 silly fetch manifest @rollup/rollup-linux-loong64-musl@4.62.4
650 silly packumentCache full:https://registry.npmjs.org/@rollup%2frollup-linux-loong64-musl cache-miss
651 http fetch GET 200 https://registry.npmjs.org/@rollup%2frollup-linux-arm64-gnu 168ms (cache miss)
652 silly packumentCache full:https://registry.npmjs.org/@rollup%2frollup-linux-arm64-gnu set size:undefined disposed:false
653 silly fetch manifest @rollup/rollup-linux-riscv64-musl@4.62.4
654 silly packumentCache full:https://registry.npmjs.org/@rollup%2frollup-linux-riscv64-musl cache-miss
655 http fetch GET 200 https://registry.npmjs.org/@rollup%2frollup-freebsd-x64 377ms (cache miss)
656 silly packumentCache full:https://registry.npmjs.org/@rollup%2frollup-freebsd-x64 set size:undefined disposed:false
657 silly fetch manifest @rollup/rollup-linux-arm-gnueabihf@4.62.4
658 silly packumentCache full:https://registry.npmjs.org/@rollup%2frollup-linux-arm-gnueabihf cache-miss
659 http fetch GET 200 https://registry.npmjs.org/@rollup%2frollup-linux-arm-gnueabihf 57ms (cache miss)
660 silly packumentCache full:https://registry.npmjs.org/@rollup%2frollup-linux-arm-gnueabihf set size:undefined disposed:false
661 silly fetch manifest @rollup/rollup-linux-arm-musleabihf@4.62.4
662 silly packumentCache full:https://registry.npmjs.org/@rollup%2frollup-linux-arm-musleabihf cache-miss
663 http fetch GET 200 https://registry.npmjs.org/@esbuild%2fandroid-arm64 535ms (cache miss)
664 silly packumentCache full:https://registry.npmjs.org/@esbuild%2fandroid-arm64 set size:undefined disposed:false
665 http fetch GET 200 https://registry.npmjs.org/@rollup%2frollup-openbsd-x64 458ms (cache miss)
666 silly packumentCache full:https://registry.npmjs.org/@rollup%2frollup-openbsd-x64 set size:undefined disposed:false
667 http fetch GET 200 https://registry.npmjs.org/@rollup%2frollup-android-arm-eabi 305ms (cache miss)
668 silly packumentCache full:https://registry.npmjs.org/@rollup%2frollup-android-arm-eabi set size:undefined disposed:false
669 http fetch GET 200 https://registry.npmjs.org/@rollup%2frollup-linux-loong64-musl 272ms (cache miss)
670 silly packumentCache full:https://registry.npmjs.org/@rollup%2frollup-linux-loong64-musl set size:undefined disposed:false
671 http fetch GET 200 https://registry.npmjs.org/@rollup%2frollup-linux-riscv64-gnu 306ms (cache miss)
672 silly packumentCache full:https://registry.npmjs.org/@rollup%2frollup-linux-riscv64-gnu set size:undefined disposed:false
673 http fetch GET 200 https://registry.npmjs.org/@rollup%2frollup-win32-arm64-msvc 340ms (cache miss)
674 silly packumentCache full:https://registry.npmjs.org/@rollup%2frollup-win32-arm64-msvc set size:undefined disposed:false
675 http fetch GET 200 https://registry.npmjs.org/@rollup%2frollup-linux-ppc64-musl 427ms (cache miss)
676 silly packumentCache full:https://registry.npmjs.org/@rollup%2frollup-linux-ppc64-musl set size:undefined disposed:false
677 http fetch GET 200 https://registry.npmjs.org/@rollup%2frollup-openharmony-arm64 426ms (cache miss)
678 silly packumentCache full:https://registry.npmjs.org/@rollup%2frollup-openharmony-arm64 set size:undefined disposed:false
679 http fetch GET 200 https://registry.npmjs.org/@rollup%2frollup-linux-riscv64-musl 453ms (cache miss)
680 silly packumentCache full:https://registry.npmjs.org/@rollup%2frollup-linux-riscv64-musl set size:undefined disposed:false
681 http fetch GET 200 https://registry.npmjs.org/@rollup%2frollup-linux-arm-musleabihf 292ms (cache miss)
682 silly packumentCache full:https://registry.npmjs.org/@rollup%2frollup-linux-arm-musleabihf set size:undefined disposed:false
683 http fetch GET 200 https://registry.npmjs.org/@rollup%2frollup-darwin-x64 787ms (cache miss)
684 silly packumentCache full:https://registry.npmjs.org/@rollup%2frollup-darwin-x64 set size:undefined disposed:false
685 http fetch GET 200 https://registry.npmjs.org/@rollup%2frollup-win32-x64-gnu 818ms (cache miss)
686 silly packumentCache full:https://registry.npmjs.org/@rollup%2frollup-win32-x64-gnu set size:undefined disposed:false
687 http fetch GET 200 https://registry.npmjs.org/@rollup%2frollup-linux-loong64-gnu 772ms (cache miss)
688 silly packumentCache full:https://registry.npmjs.org/@rollup%2frollup-linux-loong64-gnu set size:undefined disposed:false
689 http fetch GET 200 https://registry.npmjs.org/@rollup%2frollup-freebsd-arm64 1012ms (cache miss)
690 silly packumentCache full:https://registry.npmjs.org/@rollup%2frollup-freebsd-arm64 set size:undefined disposed:false
691 http fetch GET 200 https://registry.npmjs.org/@napi-rs%2flzma-linux-x64-gnu 1445ms (cache miss)
692 silly packumentCache full:https://registry.npmjs.org/@napi-rs%2flzma-linux-x64-gnu set size:undefined disposed:false
693 silly placeDep ROOT @esbuild/aix-ppc64@0.21.5 OK for: esbuild@0.21.5 want: 0.21.5
694 silly placeDep ROOT @esbuild/android-arm@0.21.5 OK for: esbuild@0.21.5 want: 0.21.5
695 silly placeDep ROOT @esbuild/android-arm64@0.21.5 OK for: esbuild@0.21.5 want: 0.21.5
696 silly placeDep ROOT @esbuild/android-x64@0.21.5 OK for: esbuild@0.21.5 want: 0.21.5
697 silly placeDep ROOT @esbuild/darwin-arm64@0.21.5 OK for: esbuild@0.21.5 want: 0.21.5
698 silly placeDep ROOT @esbuild/darwin-x64@0.21.5 OK for: esbuild@0.21.5 want: 0.21.5
699 silly placeDep ROOT @esbuild/freebsd-arm64@0.21.5 OK for: esbuild@0.21.5 want: 0.21.5
700 silly placeDep ROOT @esbuild/freebsd-x64@0.21.5 OK for: esbuild@0.21.5 want: 0.21.5
701 silly placeDep ROOT @esbuild/linux-arm@0.21.5 OK for: esbuild@0.21.5 want: 0.21.5
702 silly placeDep ROOT @esbuild/linux-arm64@0.21.5 OK for: esbuild@0.21.5 want: 0.21.5
703 silly placeDep ROOT @esbuild/linux-ia32@0.21.5 OK for: esbuild@0.21.5 want: 0.21.5
704 silly placeDep ROOT @esbuild/linux-loong64@0.21.5 OK for: esbuild@0.21.5 want: 0.21.5
705 silly placeDep ROOT @esbuild/linux-mips64el@0.21.5 OK for: esbuild@0.21.5 want: 0.21.5
706 silly placeDep ROOT @esbuild/linux-ppc64@0.21.5 OK for: esbuild@0.21.5 want: 0.21.5
707 silly placeDep ROOT @esbuild/linux-riscv64@0.21.5 OK for: esbuild@0.21.5 want: 0.21.5
708 silly placeDep ROOT @esbuild/linux-s390x@0.21.5 OK for: esbuild@0.21.5 want: 0.21.5
709 silly placeDep ROOT @esbuild/linux-x64@0.21.5 OK for: esbuild@0.21.5 want: 0.21.5
710 silly placeDep ROOT @esbuild/netbsd-x64@0.21.5 OK for: esbuild@0.21.5 want: 0.21.5
711 silly placeDep ROOT @esbuild/openbsd-x64@0.21.5 OK for: esbuild@0.21.5 want: 0.21.5
712 silly placeDep ROOT @esbuild/sunos-x64@0.21.5 OK for: esbuild@0.21.5 want: 0.21.5
713 silly placeDep ROOT @esbuild/win32-arm64@0.21.5 OK for: esbuild@0.21.5 want: 0.21.5
714 silly placeDep ROOT @esbuild/win32-ia32@0.21.5 OK for: esbuild@0.21.5 want: 0.21.5
715 silly placeDep ROOT @esbuild/win32-x64@0.21.5 OK for: esbuild@0.21.5 want: 0.21.5
716 silly placeDep ROOT nanoid@3.3.16 OK for: postcss@8.5.25 want: ^3.3.16
717 silly placeDep ROOT source-map-js@1.2.1 OK for: postcss@8.5.25 want: ^1.2.1
718 silly placeDep ROOT @napi-rs/lzma-linux-x64-gnu@1.5.1 OK for: rollup@4.62.4 want: 1.5.1
719 silly placeDep ROOT @rollup/rollup-android-arm-eabi@4.62.4 OK for: rollup@4.62.4 want: 4.62.4
720 silly placeDep ROOT @rollup/rollup-android-arm64@4.62.4 OK for: rollup@4.62.4 want: 4.62.4
721 silly placeDep ROOT @rollup/rollup-darwin-arm64@4.62.4 OK for: rollup@4.62.4 want: 4.62.4
722 silly placeDep ROOT @rollup/rollup-darwin-x64@4.62.4 OK for: rollup@4.62.4 want: 4.62.4
723 silly placeDep ROOT @rollup/rollup-freebsd-arm64@4.62.4 OK for: rollup@4.62.4 want: 4.62.4
724 silly placeDep ROOT @rollup/rollup-freebsd-x64@4.62.4 OK for: rollup@4.62.4 want: 4.62.4
725 silly placeDep ROOT @rollup/rollup-linux-arm-gnueabihf@4.62.4 OK for: rollup@4.62.4 want: 4.62.4
726 silly placeDep ROOT @rollup/rollup-linux-arm-musleabihf@4.62.4 OK for: rollup@4.62.4 want: 4.62.4
727 silly placeDep ROOT @rollup/rollup-linux-arm64-gnu@4.62.4 OK for: rollup@4.62.4 want: 4.62.4
728 silly placeDep ROOT @rollup/rollup-linux-arm64-musl@4.62.4 OK for: rollup@4.62.4 want: 4.62.4
729 silly placeDep ROOT @rollup/rollup-linux-loong64-gnu@4.62.4 OK for: rollup@4.62.4 want: 4.62.4
730 silly placeDep ROOT @rollup/rollup-linux-loong64-musl@4.62.4 OK for: rollup@4.62.4 want: 4.62.4
731 silly placeDep ROOT @rollup/rollup-linux-ppc64-gnu@4.62.4 OK for: rollup@4.62.4 want: 4.62.4
732 silly placeDep ROOT @rollup/rollup-linux-ppc64-musl@4.62.4 OK for: rollup@4.62.4 want: 4.62.4
733 silly placeDep ROOT @rollup/rollup-linux-riscv64-gnu@4.62.4 OK for: rollup@4.62.4 want: 4.62.4
734 silly placeDep ROOT @rollup/rollup-linux-riscv64-musl@4.62.4 OK for: rollup@4.62.4 want: 4.62.4
735 silly placeDep ROOT @rollup/rollup-linux-s390x-gnu@4.62.4 OK for: rollup@4.62.4 want: 4.62.4
736 silly placeDep ROOT @rollup/rollup-linux-x64-gnu@4.62.4 OK for: rollup@4.62.4 want: 4.62.4
737 silly placeDep ROOT @rollup/rollup-linux-x64-musl@4.62.4 OK for: rollup@4.62.4 want: 4.62.4
738 silly placeDep ROOT @rollup/rollup-openbsd-x64@4.62.4 OK for: rollup@4.62.4 want: 4.62.4
739 silly placeDep ROOT @rollup/rollup-openharmony-arm64@4.62.4 OK for: rollup@4.62.4 want: 4.62.4
740 silly placeDep ROOT @rollup/rollup-win32-arm64-msvc@4.62.4 OK for: rollup@4.62.4 want: 4.62.4
741 silly placeDep ROOT @rollup/rollup-win32-ia32-msvc@4.62.4 OK for: rollup@4.62.4 want: 4.62.4
742 silly placeDep ROOT @rollup/rollup-win32-x64-gnu@4.62.4 OK for: rollup@4.62.4 want: 4.62.4
743 silly placeDep ROOT @rollup/rollup-win32-x64-msvc@4.62.4 OK for: rollup@4.62.4 want: 4.62.4
744 silly placeDep ROOT @types/estree@1.0.9 OK for: rollup@4.62.4 want: 1.0.9
745 silly reify moves {}
746 silly audit bulk request {
746 silly audit   '@reduxjs/toolkit': [ '2.12.0' ],
746 silly audit   '@types/react': [ '18.3.31' ],
746 silly audit   '@types/react-dom': [ '18.3.7' ],
746 silly audit   '@vitejs/plugin-react': [ '4.7.0' ],
746 silly audit   vite: [ '5.4.21' ],
746 silly audit   react: [ '18.3.1' ],
746 silly audit   'react-dom': [ '18.3.1' ],
746 silly audit   'react-redux': [ '9.3.0' ],
746 silly audit   typescript: [ '5.9.3' ],
746 silly audit   '@standard-schema/spec': [ '1.1.0' ],
746 silly audit   '@standard-schema/utils': [ '0.3.0' ],
746 silly audit   immer: [ '11.1.15' ],
746 silly audit   redux: [ '5.0.1' ],
746 silly audit   'redux-thunk': [ '3.1.0' ],
746 silly audit   reselect: [ '5.2.0' ],
746 silly audit   '@types/prop-types': [ '15.7.15' ],
746 silly audit   csstype: [ '3.2.3' ],
746 silly audit   '@babel/core': [ '7.29.7' ],
746 silly audit   '@babel/plugin-transform-react-jsx-self': [ '7.29.7' ],
746 silly audit   '@babel/plugin-transform-react-jsx-source': [ '7.29.7' ],
746 silly audit   '@rolldown/pluginutils': [ '1.0.0-beta.27' ],
746 silly audit   '@types/babel__core': [ '7.20.5' ],
746 silly audit   'react-refresh': [ '0.17.0' ],
746 silly audit   '@babel/code-frame': [ '7.29.7' ],
746 silly audit   '@babel/generator': [ '7.29.8' ],
746 silly audit   '@babel/helper-compilation-targets': [ '7.29.7' ],
746 silly audit   '@babel/helper-module-transforms': [ '7.29.7' ],
746 silly audit   '@babel/helpers': [ '7.29.7' ],
746 silly audit   '@babel/parser': [ '7.29.8' ],
746 silly audit   '@babel/template': [ '7.29.7' ],
746 silly audit   '@babel/traverse': [ '7.29.8' ],
746 silly audit   '@babel/types': [ '7.29.8' ],
746 silly audit   '@jridgewell/remapping': [ '2.3.5' ],
746 silly audit   'convert-source-map': [ '2.0.0' ],
746 silly audit   debug: [ '4.4.3' ],
746 silly audit   gensync: [ '1.0.0-beta.2' ],
746 silly audit   json5: [ '2.2.3' ],
746 silly audit   semver: [ '6.3.1' ],
746 silly audit   '@babel/helper-validator-identifier': [ '7.29.7' ],
746 silly audit   'js-tokens': [ '4.0.0' ],
746 silly audit   picocolors: [ '1.1.1' ],
746 silly audit   '@jridgewell/gen-mapping': [ '0.3.13' ],
746 silly audit   '@jridgewell/trace-mapping': [ '0.3.31' ],
746 silly audit   jsesc: [ '3.1.0' ],
746 silly audit   '@babel/compat-data': [ '7.29.7' ],
746 silly audit   '@babel/helper-validator-option': [ '7.29.7' ],
746 silly audit   browserslist: [ '4.28.7' ],
746 silly audit   'lru-cache': [ '5.1.1' ],
746 silly audit   '@babel/helper-module-imports': [ '7.29.7' ],
746 silly audit   '@babel/helper-plugin-utils': [ '7.29.7' ],
746 silly audit   '@babel/helper-globals': [ '7.29.7' ],
746 silly audit   '@babel/helper-string-parser': [ '7.29.7' ],
746 silly audit   '@jridgewell/sourcemap-codec': [ '1.5.5' ],
746 silly audit   '@jridgewell/resolve-uri': [ '3.1.2' ],
746 silly audit   '@types/babel__generator': [ '7.27.0' ],
746 silly audit   '@types/babel__template': [ '7.4.4' ],
746 silly audit   '@types/babel__traverse': [ '7.28.0' ],
746 silly audit   'baseline-browser-mapping': [ '2.11.9' ],
746 silly audit   'caniuse-lite': [ '1.0.30001806' ],
746 silly audit   'electron-to-chromium': [ '1.5.399' ],
746 silly audit   'node-releases': [ '2.0.51' ],
746 silly audit   'update-browserslist-db': [ '1.2.3' ],
746 silly audit   ms: [ '2.1.3' ],
746 silly audit   yallist: [ '3.1.1' ],
746 silly audit   'loose-envify': [ '1.4.0' ],
746 silly audit   scheduler: [ '0.23.2' ],
746 silly audit   '@types/use-sync-external-store': [ '0.0.6' ],
746 silly audit   'use-sync-external-store': [ '1.6.0' ],
746 silly audit   escalade: [ '3.2.0' ],
746 silly audit   esbuild: [ '0.21.5' ],
746 silly audit   fsevents: [ '2.3.3' ],
746 silly audit   postcss: [ '8.5.25' ],
746 silly audit   rollup: [ '4.62.4' ],
746 silly audit   '@esbuild/aix-ppc64': [ '0.21.5' ],
746 silly audit   '@esbuild/android-arm': [ '0.21.5' ],
746 silly audit   '@esbuild/android-arm64': [ '0.21.5' ],
746 silly audit   '@esbuild/android-x64': [ '0.21.5' ],
746 silly audit   '@esbuild/darwin-arm64': [ '0.21.5' ],
746 silly audit   '@esbuild/darwin-x64': [ '0.21.5' ],
746 silly audit   '@esbuild/freebsd-arm64': [ '0.21.5' ],
746 silly audit   '@esbuild/freebsd-x64': [ '0.21.5' ],
746 silly audit   '@esbuild/linux-arm': [ '0.21.5' ],
746 silly audit   '@esbuild/linux-arm64': [ '0.21.5' ],
746 silly audit   '@esbuild/linux-ia32': [ '0.21.5' ],
746 silly audit   '@esbuild/linux-loong64': [ '0.21.5' ],
746 silly audit   '@esbuild/linux-mips64el': [ '0.21.5' ],
746 silly audit   '@esbuild/linux-ppc64': [ '0.21.5' ],
746 silly audit   '@esbuild/linux-riscv64': [ '0.21.5' ],
746 silly audit   '@esbuild/linux-s390x': [ '0.21.5' ],
746 silly audit   '@esbuild/linux-x64': [ '0.21.5' ],
746 silly audit   '@esbuild/netbsd-x64': [ '0.21.5' ],
746 silly audit   '@esbuild/openbsd-x64': [ '0.21.5' ],
746 silly audit   '@esbuild/sunos-x64': [ '0.21.5' ],
746 silly audit   '@esbuild/win32-arm64': [ '0.21.5' ],
746 silly audit   '@esbuild/win32-ia32': [ '0.21.5' ],
746 silly audit   '@esbuild/win32-x64': [ '0.21.5' ],
746 silly audit   nanoid: [ '3.3.16' ],
746 silly audit   'source-map-js': [ '1.2.1' ],
746 silly audit   '@napi-rs/lzma-linux-x64-gnu': [ '1.5.1' ],
746 silly audit   '@rollup/rollup-android-arm-eabi': [ '4.62.4' ],
746 silly audit   '@rollup/rollup-android-arm64': [ '4.62.4' ],
746 silly audit   '@rollup/rollup-darwin-arm64': [ '4.62.4' ],
746 silly audit   '@rollup/rollup-darwin-x64': [ '4.62.4' ],
746 silly audit   '@rollup/rollup-freebsd-arm64': [ '4.62.4' ],
746 silly audit   '@rollup/rollup-freebsd-x64': [ '4.62.4' ],
746 silly audit   '@rollup/rollup-linux-arm-gnueabihf': [ '4.62.4' ],
746 silly audit   '@rollup/rollup-linux-arm-musleabihf': [ '4.62.4' ],
746 silly audit   '@rollup/rollup-linux-arm64-gnu': [ '4.62.4' ],
746 silly audit   '@rollup/rollup-linux-arm64-musl': [ '4.62.4' ],
746 silly audit   '@rollup/rollup-linux-loong64-gnu': [ '4.62.4' ],
746 silly audit   '@rollup/rollup-linux-loong64-musl': [ '4.62.4' ],
746 silly audit   '@rollup/rollup-linux-ppc64-gnu': [ '4.62.4' ],
746 silly audit   '@rollup/rollup-linux-ppc64-musl': [ '4.62.4' ],
746 silly audit   '@rollup/rollup-linux-riscv64-gnu': [ '4.62.4' ],
746 silly audit   '@rollup/rollup-linux-riscv64-musl': [ '4.62.4' ],
746 silly audit   '@rollup/rollup-linux-s390x-gnu': [ '4.62.4' ],
746 silly audit   '@rollup/rollup-linux-x64-gnu': [ '4.62.4' ],
746 silly audit   '@rollup/rollup-linux-x64-musl': [ '4.62.4' ],
746 silly audit   '@rollup/rollup-openbsd-x64': [ '4.62.4' ],
746 silly audit   '@rollup/rollup-openharmony-arm64': [ '4.62.4' ],
746 silly audit   '@rollup/rollup-win32-arm64-msvc': [ '4.62.4' ],
746 silly audit   '@rollup/rollup-win32-ia32-msvc': [ '4.62.4' ],
746 silly audit   '@rollup/rollup-win32-x64-gnu': [ '4.62.4' ],
746 silly audit   '@rollup/rollup-win32-x64-msvc': [ '4.62.4' ],
746 silly audit   '@types/estree': [ '1.0.9' ]
746 silly audit }
747 http cache @types/estree@https://registry.npmjs.org/@types/estree/-/estree-1.0.9.tgz 0ms (cache hit)
748 http cache @esbuild/win32-x64@https://registry.npmjs.org/@esbuild/win32-x64/-/win32-x64-0.21.5.tgz 0ms (cache hit)
749 http cache @rollup/rollup-win32-x64-msvc@https://registry.npmjs.org/@rollup/rollup-win32-x64-msvc/-/rollup-win32-x64-msvc-4.62.4.tgz 0ms (cache hit)
750 http cache @rollup/rollup-win32-x64-gnu@https://registry.npmjs.org/@rollup/rollup-win32-x64-gnu/-/rollup-win32-x64-gnu-4.62.4.tgz 1ms (cache hit)
751 http cache postcss@https://registry.npmjs.org/postcss/-/postcss-8.5.25.tgz 0ms (cache hit)
752 http cache source-map-js@https://registry.npmjs.org/source-map-js/-/source-map-js-1.2.1.tgz 0ms (cache hit)
753 http cache rollup@https://registry.npmjs.org/rollup/-/rollup-4.62.4.tgz 0ms (cache hit)
754 http cache esbuild@https://registry.npmjs.org/esbuild/-/esbuild-0.21.5.tgz 0ms (cache hit)
755 http cache @types/use-sync-external-store@https://registry.npmjs.org/@types/use-sync-external-store/-/use-sync-external-store-0.0.6.tgz 0ms (cache hit)
756 http cache use-sync-external-store@https://registry.npmjs.org/use-sync-external-store/-/use-sync-external-store-1.6.0.tgz 0ms (cache hit)
757 http cache loose-envify@https://registry.npmjs.org/loose-envify/-/loose-envify-1.4.0.tgz 0ms (cache hit)
758 http cache escalade@https://registry.npmjs.org/escalade/-/escalade-3.2.0.tgz 0ms (cache hit)
759 http cache nanoid@https://registry.npmjs.org/nanoid/-/nanoid-3.3.16.tgz 0ms (cache hit)
760 http cache yallist@https://registry.npmjs.org/yallist/-/yallist-3.1.1.tgz 0ms (cache hit)
761 http cache ms@https://registry.npmjs.org/ms/-/ms-2.1.3.tgz 0ms (cache hit)
762 http cache update-browserslist-db@https://registry.npmjs.org/update-browserslist-db/-/update-browserslist-db-1.2.3.tgz 0ms (cache hit)
763 http cache electron-to-chromium@https://registry.npmjs.org/electron-to-chromium/-/electron-to-chromium-1.5.399.tgz 0ms (cache hit)
764 http cache node-releases@https://registry.npmjs.org/node-releases/-/node-releases-2.0.51.tgz 0ms (cache hit)
765 http cache caniuse-lite@https://registry.npmjs.org/caniuse-lite/-/caniuse-lite-1.0.30001806.tgz 0ms (cache hit)
766 http cache baseline-browser-mapping@https://registry.npmjs.org/baseline-browser-mapping/-/baseline-browser-mapping-2.11.9.tgz 0ms (cache hit)
767 http cache @jridgewell/resolve-uri@https://registry.npmjs.org/@jridgewell/resolve-uri/-/resolve-uri-3.1.2.tgz 0ms (cache hit)
768 http cache @babel/helper-string-parser@https://registry.npmjs.org/@babel/helper-string-parser/-/helper-string-parser-7.29.7.tgz 0ms (cache hit)
769 http cache scheduler@https://registry.npmjs.org/scheduler/-/scheduler-0.23.2.tgz 0ms (cache hit)
770 http cache @types/babel__template@https://registry.npmjs.org/@types/babel__template/-/babel__template-7.4.4.tgz 0ms (cache hit)
771 http cache @types/babel__generator@https://registry.npmjs.org/@types/babel__generator/-/babel__generator-7.27.0.tgz 0ms (cache hit)
772 http cache @types/babel__traverse@https://registry.npmjs.org/@types/babel__traverse/-/babel__traverse-7.28.0.tgz 0ms (cache hit)
773 http cache @jridgewell/sourcemap-codec@https://registry.npmjs.org/@jridgewell/sourcemap-codec/-/sourcemap-codec-1.5.5.tgz 0ms (cache hit)
774 http cache lru-cache@https://registry.npmjs.org/lru-cache/-/lru-cache-5.1.1.tgz 0ms (cache hit)
775 http cache @babel/helper-globals@https://registry.npmjs.org/@babel/helper-globals/-/helper-globals-7.29.7.tgz 0ms (cache hit)
776 http cache @babel/helper-plugin-utils@https://registry.npmjs.org/@babel/helper-plugin-utils/-/helper-plugin-utils-7.29.7.tgz 0ms (cache hit)
777 http cache @babel/helper-validator-option@https://registry.npmjs.org/@babel/helper-validator-option/-/helper-validator-option-7.29.7.tgz 0ms (cache hit)
778 http cache @babel/helper-module-imports@https://registry.npmjs.org/@babel/helper-module-imports/-/helper-module-imports-7.29.7.tgz 0ms (cache hit)
779 http cache browserslist@https://registry.npmjs.org/browserslist/-/browserslist-4.28.7.tgz 0ms (cache hit)
780 http cache @babel/compat-data@https://registry.npmjs.org/@babel/compat-data/-/compat-data-7.29.7.tgz 0ms (cache hit)
781 http cache jsesc@https://registry.npmjs.org/jsesc/-/jsesc-3.1.0.tgz 0ms (cache hit)
782 http cache @babel/helper-validator-identifier@https://registry.npmjs.org/@babel/helper-validator-identifier/-/helper-validator-identifier-7.29.7.tgz 0ms (cache hit)
783 http cache @jridgewell/gen-mapping@https://registry.npmjs.org/@jridgewell/gen-mapping/-/gen-mapping-0.3.13.tgz 0ms (cache hit)
784 http cache js-tokens@https://registry.npmjs.org/js-tokens/-/js-tokens-4.0.0.tgz 0ms (cache hit)
785 http cache picocolors@https://registry.npmjs.org/picocolors/-/picocolors-1.1.1.tgz 0ms (cache hit)
786 http cache json5@https://registry.npmjs.org/json5/-/json5-2.2.3.tgz 0ms (cache hit)
787 http cache gensync@https://registry.npmjs.org/gensync/-/gensync-1.0.0-beta.2.tgz 0ms (cache hit)
788 http cache @jridgewell/remapping@https://registry.npmjs.org/@jridgewell/remapping/-/remapping-2.3.5.tgz 0ms (cache hit)
789 http cache semver@https://registry.npmjs.org/semver/-/semver-6.3.1.tgz 0ms (cache hit)
790 http cache debug@https://registry.npmjs.org/debug/-/debug-4.4.3.tgz 0ms (cache hit)
791 http cache convert-source-map@https://registry.npmjs.org/convert-source-map/-/convert-source-map-2.0.0.tgz 0ms (cache hit)
792 http cache @babel/types@https://registry.npmjs.org/@babel/types/-/types-7.29.8.tgz 0ms (cache hit)
793 http cache @babel/traverse@https://registry.npmjs.org/@babel/traverse/-/traverse-7.29.8.tgz 0ms (cache hit)
794 http cache @jridgewell/trace-mapping@https://registry.npmjs.org/@jridgewell/trace-mapping/-/trace-mapping-0.3.31.tgz 0ms (cache hit)
795 http cache @babel/template@https://registry.npmjs.org/@babel/template/-/template-7.29.7.tgz 0ms (cache hit)
796 http cache @babel/helpers@https://registry.npmjs.org/@babel/helpers/-/helpers-7.29.7.tgz 0ms (cache hit)
797 http cache @babel/parser@https://registry.npmjs.org/@babel/parser/-/parser-7.29.8.tgz 0ms (cache hit)
798 http cache @babel/helper-module-transforms@https://registry.npmjs.org/@babel/helper-module-transforms/-/helper-module-transforms-7.29.7.tgz 0ms (cache hit)
799 http cache @babel/helper-compilation-targets@https://registry.npmjs.org/@babel/helper-compilation-targets/-/helper-compilation-targets-7.29.7.tgz 0ms (cache hit)
800 http cache @babel/generator@https://registry.npmjs.org/@babel/generator/-/generator-7.29.8.tgz 0ms (cache hit)
801 http cache react-refresh@https://registry.npmjs.org/react-refresh/-/react-refresh-0.17.0.tgz 0ms (cache hit)
802 http cache @babel/code-frame@https://registry.npmjs.org/@babel/code-frame/-/code-frame-7.29.7.tgz 0ms (cache hit)
803 http cache @types/babel__core@https://registry.npmjs.org/@types/babel__core/-/babel__core-7.20.5.tgz 0ms (cache hit)
804 http cache @rolldown/pluginutils@https://registry.npmjs.org/@rolldown/pluginutils/-/pluginutils-1.0.0-beta.27.tgz 0ms (cache hit)
805 http cache csstype@https://registry.npmjs.org/csstype/-/csstype-3.2.3.tgz 0ms (cache hit)
806 http cache @babel/plugin-transform-react-jsx-source@https://registry.npmjs.org/@babel/plugin-transform-react-jsx-source/-/plugin-transform-react-jsx-source-7.29.7.tgz 0ms (cache hit)
807 http cache @types/prop-types@https://registry.npmjs.org/@types/prop-types/-/prop-types-15.7.15.tgz 0ms (cache hit)
808 http cache @babel/plugin-transform-react-jsx-self@https://registry.npmjs.org/@babel/plugin-transform-react-jsx-self/-/plugin-transform-react-jsx-self-7.29.7.tgz 0ms (cache hit)
809 http cache @babel/core@https://registry.npmjs.org/@babel/core/-/core-7.29.7.tgz 0ms (cache hit)
810 http cache redux-thunk@https://registry.npmjs.org/redux-thunk/-/redux-thunk-3.1.0.tgz 0ms (cache hit)
811 http cache @standard-schema/utils@https://registry.npmjs.org/@standard-schema/utils/-/utils-0.3.0.tgz 0ms (cache hit)
812 http cache @standard-schema/spec@https://registry.npmjs.org/@standard-schema/spec/-/spec-1.1.0.tgz 0ms (cache hit)
813 http cache immer@https://registry.npmjs.org/immer/-/immer-11.1.15.tgz 0ms (cache hit)
814 http cache reselect@https://registry.npmjs.org/reselect/-/reselect-5.2.0.tgz 0ms (cache hit)
815 http cache react-redux@https://registry.npmjs.org/react-redux/-/react-redux-9.3.0.tgz 0ms (cache hit)
816 http cache redux@https://registry.npmjs.org/redux/-/redux-5.0.1.tgz 0ms (cache hit)
817 http cache @vitejs/plugin-react@https://registry.npmjs.org/@vitejs/plugin-react/-/plugin-react-4.7.0.tgz 0ms (cache hit)
818 http cache typescript@https://registry.npmjs.org/typescript/-/typescript-5.9.3.tgz 0ms (cache hit)
819 http cache react@https://registry.npmjs.org/react/-/react-18.3.1.tgz 0ms (cache hit)
820 http cache @types/react-dom@https://registry.npmjs.org/@types/react-dom/-/react-dom-18.3.7.tgz 0ms (cache hit)
821 http cache react-dom@https://registry.npmjs.org/react-dom/-/react-dom-18.3.1.tgz 0ms (cache hit)
822 http cache @reduxjs/toolkit@https://registry.npmjs.org/@reduxjs/toolkit/-/toolkit-2.12.0.tgz 0ms (cache hit)
823 silly tarball no local data for @types/estree@https://registry.npmjs.org/@types/estree/-/estree-1.0.9.tgz. Extracting by manifest.
824 http cache vite@https://registry.npmjs.org/vite/-/vite-5.4.21.tgz 0ms (cache hit)
825 silly tarball no local data for @esbuild/win32-x64@https://registry.npmjs.org/@esbuild/win32-x64/-/win32-x64-0.21.5.tgz. Extracting by manifest.
826 silly tarball no local data for @rollup/rollup-win32-x64-msvc@https://registry.npmjs.org/@rollup/rollup-win32-x64-msvc/-/rollup-win32-x64-msvc-4.62.4.tgz. Extracting by manifest.
827 silly tarball no local data for @rollup/rollup-win32-x64-gnu@https://registry.npmjs.org/@rollup/rollup-win32-x64-gnu/-/rollup-win32-x64-gnu-4.62.4.tgz. Extracting by manifest.
828 silly tarball no local data for postcss@https://registry.npmjs.org/postcss/-/postcss-8.5.25.tgz. Extracting by manifest.
829 silly tarball no local data for source-map-js@https://registry.npmjs.org/source-map-js/-/source-map-js-1.2.1.tgz. Extracting by manifest.
830 http cache @types/react@https://registry.npmjs.org/@types/react/-/react-18.3.31.tgz 0ms (cache hit)
831 silly tarball no local data for rollup@https://registry.npmjs.org/rollup/-/rollup-4.62.4.tgz. Extracting by manifest.
832 silly tarball no local data for esbuild@https://registry.npmjs.org/esbuild/-/esbuild-0.21.5.tgz. Extracting by manifest.
833 silly tarball no local data for @types/use-sync-external-store@https://registry.npmjs.org/@types/use-sync-external-store/-/use-sync-external-store-0.0.6.tgz. Extracting by manifest.
834 silly tarball no local data for use-sync-external-store@https://registry.npmjs.org/use-sync-external-store/-/use-sync-external-store-1.6.0.tgz. Extracting by manifest.
835 silly tarball no local data for loose-envify@https://registry.npmjs.org/loose-envify/-/loose-envify-1.4.0.tgz. Extracting by manifest.
836 silly tarball no local data for escalade@https://registry.npmjs.org/escalade/-/escalade-3.2.0.tgz. Extracting by manifest.
837 silly tarball no local data for nanoid@https://registry.npmjs.org/nanoid/-/nanoid-3.3.16.tgz. Extracting by manifest.
838 silly tarball no local data for yallist@https://registry.npmjs.org/yallist/-/yallist-3.1.1.tgz. Extracting by manifest.
839 silly tarball no local data for ms@https://registry.npmjs.org/ms/-/ms-2.1.3.tgz. Extracting by manifest.
840 silly tarball no local data for update-browserslist-db@https://registry.npmjs.org/update-browserslist-db/-/update-browserslist-db-1.2.3.tgz. Extracting by manifest.
841 silly tarball no local data for electron-to-chromium@https://registry.npmjs.org/electron-to-chromium/-/electron-to-chromium-1.5.399.tgz. Extracting by manifest.
842 silly tarball no local data for node-releases@https://registry.npmjs.org/node-releases/-/node-releases-2.0.51.tgz. Extracting by manifest.
843 silly tarball no local data for caniuse-lite@https://registry.npmjs.org/caniuse-lite/-/caniuse-lite-1.0.30001806.tgz. Extracting by manifest.
844 silly tarball no local data for baseline-browser-mapping@https://registry.npmjs.org/baseline-browser-mapping/-/baseline-browser-mapping-2.11.9.tgz. Extracting by manifest.
845 silly tarball no local data for @jridgewell/resolve-uri@https://registry.npmjs.org/@jridgewell/resolve-uri/-/resolve-uri-3.1.2.tgz. Extracting by manifest.
846 silly tarball no local data for @babel/helper-string-parser@https://registry.npmjs.org/@babel/helper-string-parser/-/helper-string-parser-7.29.7.tgz. Extracting by manifest.
847 silly tarball no local data for scheduler@https://registry.npmjs.org/scheduler/-/scheduler-0.23.2.tgz. Extracting by manifest.
848 silly tarball no local data for @types/babel__template@https://registry.npmjs.org/@types/babel__template/-/babel__template-7.4.4.tgz. Extracting by manifest.
849 silly tarball no local data for @types/babel__generator@https://registry.npmjs.org/@types/babel__generator/-/babel__generator-7.27.0.tgz. Extracting by manifest.
850 silly tarball no local data for @types/babel__traverse@https://registry.npmjs.org/@types/babel__traverse/-/babel__traverse-7.28.0.tgz. Extracting by manifest.
851 silly tarball no local data for @jridgewell/sourcemap-codec@https://registry.npmjs.org/@jridgewell/sourcemap-codec/-/sourcemap-codec-1.5.5.tgz. Extracting by manifest.
852 silly tarball no local data for lru-cache@https://registry.npmjs.org/lru-cache/-/lru-cache-5.1.1.tgz. Extracting by manifest.
853 silly tarball no local data for @babel/helper-globals@https://registry.npmjs.org/@babel/helper-globals/-/helper-globals-7.29.7.tgz. Extracting by manifest.
854 silly tarball no local data for @babel/helper-plugin-utils@https://registry.npmjs.org/@babel/helper-plugin-utils/-/helper-plugin-utils-7.29.7.tgz. Extracting by manifest.
855 silly tarball no local data for @babel/helper-validator-option@https://registry.npmjs.org/@babel/helper-validator-option/-/helper-validator-option-7.29.7.tgz. Extracting by manifest.
856 silly tarball no local data for @babel/helper-module-imports@https://registry.npmjs.org/@babel/helper-module-imports/-/helper-module-imports-7.29.7.tgz. Extracting by manifest.
857 silly tarball no local data for browserslist@https://registry.npmjs.org/browserslist/-/browserslist-4.28.7.tgz. Extracting by manifest.
858 silly tarball no local data for @babel/compat-data@https://registry.npmjs.org/@babel/compat-data/-/compat-data-7.29.7.tgz. Extracting by manifest.
859 silly tarball no local data for jsesc@https://registry.npmjs.org/jsesc/-/jsesc-3.1.0.tgz. Extracting by manifest.
860 silly tarball no local data for @babel/helper-validator-identifier@https://registry.npmjs.org/@babel/helper-validator-identifier/-/helper-validator-identifier-7.29.7.tgz. Extracting by manifest.
861 silly tarball no local data for @jridgewell/gen-mapping@https://registry.npmjs.org/@jridgewell/gen-mapping/-/gen-mapping-0.3.13.tgz. Extracting by manifest.
862 silly tarball no local data for js-tokens@https://registry.npmjs.org/js-tokens/-/js-tokens-4.0.0.tgz. Extracting by manifest.
863 silly tarball no local data for picocolors@https://registry.npmjs.org/picocolors/-/picocolors-1.1.1.tgz. Extracting by manifest.
864 silly tarball no local data for json5@https://registry.npmjs.org/json5/-/json5-2.2.3.tgz. Extracting by manifest.
865 silly tarball no local data for gensync@https://registry.npmjs.org/gensync/-/gensync-1.0.0-beta.2.tgz. Extracting by manifest.
866 silly tarball no local data for @jridgewell/remapping@https://registry.npmjs.org/@jridgewell/remapping/-/remapping-2.3.5.tgz. Extracting by manifest.
867 silly tarball no local data for semver@https://registry.npmjs.org/semver/-/semver-6.3.1.tgz. Extracting by manifest.
868 silly tarball no local data for debug@https://registry.npmjs.org/debug/-/debug-4.4.3.tgz. Extracting by manifest.
869 silly tarball no local data for convert-source-map@https://registry.npmjs.org/convert-source-map/-/convert-source-map-2.0.0.tgz. Extracting by manifest.
870 silly tarball no local data for @babel/types@https://registry.npmjs.org/@babel/types/-/types-7.29.8.tgz. Extracting by manifest.
871 silly tarball no local data for @babel/traverse@https://registry.npmjs.org/@babel/traverse/-/traverse-7.29.8.tgz. Extracting by manifest.
872 silly tarball no local data for @jridgewell/trace-mapping@https://registry.npmjs.org/@jridgewell/trace-mapping/-/trace-mapping-0.3.31.tgz. Extracting by manifest.
873 silly tarball no local data for @babel/template@https://registry.npmjs.org/@babel/template/-/template-7.29.7.tgz. Extracting by manifest.
874 silly tarball no local data for @babel/helpers@https://registry.npmjs.org/@babel/helpers/-/helpers-7.29.7.tgz. Extracting by manifest.
875 silly tarball no local data for @babel/parser@https://registry.npmjs.org/@babel/parser/-/parser-7.29.8.tgz. Extracting by manifest.
876 silly tarball no local data for @babel/helper-module-transforms@https://registry.npmjs.org/@babel/helper-module-transforms/-/helper-module-transforms-7.29.7.tgz. Extracting by manifest.
877 silly tarball no local data for @babel/helper-compilation-targets@https://registry.npmjs.org/@babel/helper-compilation-targets/-/helper-compilation-targets-7.29.7.tgz. Extracting by manifest.
878 silly tarball no local data for @babel/generator@https://registry.npmjs.org/@babel/generator/-/generator-7.29.8.tgz. Extracting by manifest.
879 silly tarball no local data for react-refresh@https://registry.npmjs.org/react-refresh/-/react-refresh-0.17.0.tgz. Extracting by manifest.
880 silly tarball no local data for @babel/code-frame@https://registry.npmjs.org/@babel/code-frame/-/code-frame-7.29.7.tgz. Extracting by manifest.
881 silly tarball no local data for @types/babel__core@https://registry.npmjs.org/@types/babel__core/-/babel__core-7.20.5.tgz. Extracting by manifest.
882 silly tarball no local data for @rolldown/pluginutils@https://registry.npmjs.org/@rolldown/pluginutils/-/pluginutils-1.0.0-beta.27.tgz. Extracting by manifest.
883 silly tarball no local data for csstype@https://registry.npmjs.org/csstype/-/csstype-3.2.3.tgz. Extracting by manifest.
884 silly tarball no local data for @babel/plugin-transform-react-jsx-source@https://registry.npmjs.org/@babel/plugin-transform-react-jsx-source/-/plugin-transform-react-jsx-source-7.29.7.tgz. Extracting by manifest.
885 silly tarball no local data for @types/prop-types@https://registry.npmjs.org/@types/prop-types/-/prop-types-15.7.15.tgz. Extracting by manifest.
886 silly tarball no local data for @babel/plugin-transform-react-jsx-self@https://registry.npmjs.org/@babel/plugin-transform-react-jsx-self/-/plugin-transform-react-jsx-self-7.29.7.tgz. Extracting by manifest.
887 silly tarball no local data for @babel/core@https://registry.npmjs.org/@babel/core/-/core-7.29.7.tgz. Extracting by manifest.
888 silly tarball no local data for redux-thunk@https://registry.npmjs.org/redux-thunk/-/redux-thunk-3.1.0.tgz. Extracting by manifest.
889 silly tarball no local data for @standard-schema/utils@https://registry.npmjs.org/@standard-schema/utils/-/utils-0.3.0.tgz. Extracting by manifest.
890 silly tarball no local data for @standard-schema/spec@https://registry.npmjs.org/@standard-schema/spec/-/spec-1.1.0.tgz. Extracting by manifest.
891 silly tarball no local data for immer@https://registry.npmjs.org/immer/-/immer-11.1.15.tgz. Extracting by manifest.
892 silly tarball no local data for reselect@https://registry.npmjs.org/reselect/-/reselect-5.2.0.tgz. Extracting by manifest.
893 silly tarball no local data for react-redux@https://registry.npmjs.org/react-redux/-/react-redux-9.3.0.tgz. Extracting by manifest.
894 silly tarball no local data for redux@https://registry.npmjs.org/redux/-/redux-5.0.1.tgz. Extracting by manifest.
895 silly tarball no local data for @vitejs/plugin-react@https://registry.npmjs.org/@vitejs/plugin-react/-/plugin-react-4.7.0.tgz. Extracting by manifest.
896 silly tarball no local data for typescript@https://registry.npmjs.org/typescript/-/typescript-5.9.3.tgz. Extracting by manifest.
897 silly tarball no local data for react@https://registry.npmjs.org/react/-/react-18.3.1.tgz. Extracting by manifest.
898 silly tarball no local data for @types/react-dom@https://registry.npmjs.org/@types/react-dom/-/react-dom-18.3.7.tgz. Extracting by manifest.
899 silly tarball no local data for react-dom@https://registry.npmjs.org/react-dom/-/react-dom-18.3.1.tgz. Extracting by manifest.
900 silly tarball no local data for @reduxjs/toolkit@https://registry.npmjs.org/@reduxjs/toolkit/-/toolkit-2.12.0.tgz. Extracting by manifest.
901 silly tarball no local data for vite@https://registry.npmjs.org/vite/-/vite-5.4.21.tgz. Extracting by manifest.
902 silly tarball no local data for @types/react@https://registry.npmjs.org/@types/react/-/react-18.3.31.tgz. Extracting by manifest.
903 http fetch GET 200 https://registry.npmjs.org/@types/estree/-/estree-1.0.9.tgz 116ms (cache miss)
904 http fetch GET 200 https://registry.npmjs.org/escalade/-/escalade-3.2.0.tgz 110ms (cache miss)
905 http fetch GET 200 https://registry.npmjs.org/update-browserslist-db/-/update-browserslist-db-1.2.3.tgz 160ms (cache miss)
906 http fetch GET 200 https://registry.npmjs.org/electron-to-chromium/-/electron-to-chromium-1.5.399.tgz 235ms (cache miss)
907 http fetch POST 200 https://registry.npmjs.org/-/npm/v1/security/advisories/bulk 288ms
908 silly audit report {
908 silly audit report   vite: [
908 silly audit report     {
908 silly audit report       id: 1120784,
908 silly audit report       url: 'https://github.com/advisories/GHSA-v6wh-96g9-6wx3',
908 silly audit report       title: 'launch-editor: NTLMv2 hash disclosure via UNC path handling on Windows',
908 silly audit report       severity: 'moderate',
908 silly audit report       vulnerable_versions: '<=6.4.2',
908 silly audit report       cwe: [Array],
908 silly audit report       cvss: [Object]
908 silly audit report     },
908 silly audit report     {
908 silly audit report       id: 1116229,
908 silly audit report       url: 'https://github.com/advisories/GHSA-4w7w-66w2-5vf9',
908 silly audit report       title: 'Vite Vulnerable to Path Traversal in Optimized Deps `.map` Handling',
908 silly audit report       severity: 'moderate',
908 silly audit report       vulnerable_versions: '<=6.4.1',
908 silly audit report       cwe: [Array],
908 silly audit report       cvss: [Object]
908 silly audit report     },
908 silly audit report     {
908 silly audit report       id: 1123525,
908 silly audit report       url: 'https://github.com/advisories/GHSA-fx2h-pf6j-xcff',
908 silly audit report       title: 'vite: `server.fs.deny` bypass on Windows alternate paths',
908 silly audit report       severity: 'high',
908 silly audit report       vulnerable_versions: '<=6.4.2',
908 silly audit report       cwe: [Array],
908 silly audit report       cvss: [Object]
908 silly audit report     }
908 silly audit report   ],
908 silly audit report   esbuild: [
908 silly audit report     {
908 silly audit report       id: 1102341,
908 silly audit report       url: 'https://github.com/advisories/GHSA-67mh-4wv8-2f99',
908 silly audit report       title: 'esbuild enables any website to send any requests to the development server and read the response',
908 silly audit report       severity: 'moderate',
908 silly audit report       vulnerable_versions: '<=0.24.2',
908 silly audit report       cwe: [Array],
908 silly audit report       cvss: [Object]
908 silly audit report     }
908 silly audit report   ]
908 silly audit report }
909 silly packumentCache corgi:https://registry.npmjs.org/vite cache-miss
910 silly packumentCache corgi:https://registry.npmjs.org/esbuild cache-miss
911 http fetch GET 200 https://registry.npmjs.org/node-releases/-/node-releases-2.0.51.tgz 262ms (cache miss)
912 http fetch GET 200 https://registry.npmjs.org/nanoid/-/nanoid-3.3.16.tgz 290ms (cache miss)
913 http fetch GET 200 https://registry.npmjs.org/loose-envify/-/loose-envify-1.4.0.tgz 308ms (cache miss)
914 http fetch GET 200 https://registry.npmjs.org/esbuild/-/esbuild-0.21.5.tgz 404ms (cache miss)
915 http fetch GET 200 https://registry.npmjs.org/baseline-browser-mapping/-/baseline-browser-mapping-2.11.9.tgz 409ms (cache miss)
916 http fetch GET 200 https://registry.npmjs.org/@types/babel__template/-/babel__template-7.4.4.tgz 464ms (cache miss)
917 http fetch GET 200 https://registry.npmjs.org/scheduler/-/scheduler-0.23.2.tgz 482ms (cache miss)
918 http fetch GET 200 https://registry.npmjs.org/@types/babel__traverse/-/babel__traverse-7.28.0.tgz 523ms (cache miss)
919 http fetch GET 200 https://registry.npmjs.org/@jridgewell/resolve-uri/-/resolve-uri-3.1.2.tgz 551ms (cache miss)
920 http fetch GET 200 https://registry.npmjs.org/lru-cache/-/lru-cache-5.1.1.tgz 560ms (cache miss)
921 http fetch GET 200 https://registry.npmjs.org/@babel/helper-plugin-utils/-/helper-plugin-utils-7.29.7.tgz 588ms (cache miss)
922 http fetch GET 200 https://registry.npmjs.org/@babel/helper-validator-option/-/helper-validator-option-7.29.7.tgz 629ms (cache miss)
923 http fetch GET 200 https://registry.npmjs.org/@jridgewell/sourcemap-codec/-/sourcemap-codec-1.5.5.tgz 663ms (cache miss)
924 http fetch GET 200 https://registry.npmjs.org/@babel/helper-module-imports/-/helper-module-imports-7.29.7.tgz 674ms (cache miss)
925 http fetch GET 200 https://registry.npmjs.org/@babel/compat-data/-/compat-data-7.29.7.tgz 694ms (cache miss)
926 http fetch GET 200 https://registry.npmjs.org/jsesc/-/jsesc-3.1.0.tgz 729ms (cache miss)
927 http fetch GET 200 https://registry.npmjs.org/use-sync-external-store/-/use-sync-external-store-1.6.0.tgz 740ms (cache miss)
928 http fetch GET 200 https://registry.npmjs.org/yallist/-/yallist-3.1.1.tgz 792ms (cache miss)
929 http fetch GET 200 https://registry.npmjs.org/js-tokens/-/js-tokens-4.0.0.tgz 831ms (cache miss)
930 http fetch GET 200 https://registry.npmjs.org/@jridgewell/gen-mapping/-/gen-mapping-0.3.13.tgz 845ms (cache miss)
931 http fetch GET 200 https://registry.npmjs.org/source-map-js/-/source-map-js-1.2.1.tgz 874ms (cache miss)
932 http fetch GET 200 https://registry.npmjs.org/gensync/-/gensync-1.0.0-beta.2.tgz 871ms (cache miss)
933 http fetch GET 200 https://registry.npmjs.org/postcss/-/postcss-8.5.25.tgz 895ms (cache miss)
934 http fetch GET 200 https://registry.npmjs.org/semver/-/semver-6.3.1.tgz 932ms (cache miss)
935 http fetch GET 200 https://registry.npmjs.org/json5/-/json5-2.2.3.tgz 967ms (cache miss)
936 http fetch GET 200 https://registry.npmjs.org/debug/-/debug-4.4.3.tgz 980ms (cache miss)
937 http fetch GET 200 https://registry.npmjs.org/@babel/helper-validator-identifier/-/helper-validator-identifier-7.29.7.tgz 999ms (cache miss)
938 http fetch GET 200 https://registry.npmjs.org/ms/-/ms-2.1.3.tgz 1008ms (cache miss)
939 http fetch GET 200 https://registry.npmjs.org/@babel/helper-string-parser/-/helper-string-parser-7.29.7.tgz 1007ms (cache miss)
940 http fetch GET 200 https://registry.npmjs.org/picocolors/-/picocolors-1.1.1.tgz 1030ms (cache miss)
941 http fetch GET 200 https://registry.npmjs.org/@babel/template/-/template-7.29.7.tgz 1094ms (cache miss)
942 http fetch GET 200 https://registry.npmjs.org/@rollup/rollup-win32-x64-msvc/-/rollup-win32-x64-msvc-4.62.4.tgz 1335ms (cache miss)
943 http fetch GET 200 https://registry.npmjs.org/@babel/helper-compilation-targets/-/helper-compilation-targets-7.29.7.tgz 1356ms (cache miss)
944 http fetch GET 200 https://registry.npmjs.org/browserslist/-/browserslist-4.28.7.tgz 1374ms (cache miss)
945 http fetch GET 200 https://registry.npmjs.org/react-refresh/-/react-refresh-0.17.0.tgz 1398ms (cache miss)
946 http fetch GET 200 https://registry.npmjs.org/@rollup/rollup-win32-x64-gnu/-/rollup-win32-x64-gnu-4.62.4.tgz 1433ms (cache miss)
947 http fetch GET 200 https://registry.npmjs.org/@types/babel__core/-/babel__core-7.20.5.tgz 1443ms (cache miss)
948 http fetch GET 200 https://registry.npmjs.org/@jridgewell/trace-mapping/-/trace-mapping-0.3.31.tgz 1479ms (cache miss)
949 http fetch GET 200 https://registry.npmjs.org/@babel/plugin-transform-react-jsx-source/-/plugin-transform-react-jsx-source-7.29.7.tgz 1508ms (cache miss)
950 http fetch GET 200 https://registry.npmjs.org/@types/prop-types/-/prop-types-15.7.15.tgz 1537ms (cache miss)
951 http fetch GET 200 https://registry.npmjs.org/@babel/plugin-transform-react-jsx-self/-/plugin-transform-react-jsx-self-7.29.7.tgz 1540ms (cache miss)
952 http fetch GET 200 https://registry.npmjs.org/@jridgewell/remapping/-/remapping-2.3.5.tgz 1580ms (cache miss)
953 http fetch GET 200 https://registry.npmjs.org/@babel/traverse/-/traverse-7.29.8.tgz 1578ms (cache miss)
954 http fetch GET 200 https://registry.npmjs.org/redux-thunk/-/redux-thunk-3.1.0.tgz 1576ms (cache miss)
955 http fetch GET 200 https://registry.npmjs.org/@standard-schema/spec/-/spec-1.1.0.tgz 1608ms (cache miss)
956 http fetch GET 200 https://registry.npmjs.org/@babel/generator/-/generator-7.29.8.tgz 1652ms (cache miss)
957 http fetch GET 200 https://registry.npmjs.org/@babel/helper-module-transforms/-/helper-module-transforms-7.29.7.tgz 1661ms (cache miss)
958 http fetch GET 200 https://registry.npmjs.org/convert-source-map/-/convert-source-map-2.0.0.tgz 1862ms (cache miss)
959 http fetch GET 200 https://registry.npmjs.org/csstype/-/csstype-3.2.3.tgz 1885ms (cache miss)
960 http fetch GET 200 https://registry.npmjs.org/@babel/parser/-/parser-7.29.8.tgz 1932ms (cache miss)
961 http fetch GET 200 https://registry.npmjs.org/@babel/types/-/types-7.29.8.tgz 1985ms (cache miss)
962 http fetch GET 200 https://registry.npmjs.org/reselect/-/reselect-5.2.0.tgz 1997ms (cache miss)
963 http fetch GET 200 https://registry.npmjs.org/@types/babel__generator/-/babel__generator-7.27.0.tgz 2038ms (cache miss)
964 http fetch GET 200 https://registry.npmjs.org/@babel/code-frame/-/code-frame-7.29.7.tgz 2050ms (cache miss)
965 http fetch GET 200 https://registry.npmjs.org/@babel/helper-globals/-/helper-globals-7.29.7.tgz 2086ms (cache miss)
966 http fetch GET 200 https://registry.npmjs.org/@babel/helpers/-/helpers-7.29.7.tgz 2167ms (cache miss)
967 http fetch GET 200 https://registry.npmjs.org/@standard-schema/utils/-/utils-0.3.0.tgz 2236ms (cache miss)
968 http fetch GET 200 https://registry.npmjs.org/@rolldown/pluginutils/-/pluginutils-1.0.0-beta.27.tgz 2308ms (cache miss)
969 http fetch GET 200 https://registry.npmjs.org/@vitejs/plugin-react/-/plugin-react-4.7.0.tgz 2601ms (cache miss)
970 http fetch GET 200 https://registry.npmjs.org/redux/-/redux-5.0.1.tgz 2613ms (cache miss)
971 http fetch GET 200 https://registry.npmjs.org/caniuse-lite/-/caniuse-lite-1.0.30001806.tgz 2669ms (cache miss)
972 http fetch GET 200 https://registry.npmjs.org/@types/react/-/react-18.3.31.tgz 2725ms (cache miss)
973 http fetch GET 200 https://registry.npmjs.org/rollup/-/rollup-4.62.4.tgz 2783ms (cache miss)
974 http fetch GET 200 https://registry.npmjs.org/vite 3163ms (cache miss)
975 silly packumentCache corgi:https://registry.npmjs.org/vite set size:undefined disposed:false
976 http fetch GET 200 https://registry.npmjs.org/@types/use-sync-external-store/-/use-sync-external-store-0.0.6.tgz 3479ms (cache miss)
977 http fetch GET 200 https://registry.npmjs.org/react-dom/-/react-dom-18.3.1.tgz 3458ms (cache miss)
978 http fetch GET 200 https://registry.npmjs.org/react-redux/-/react-redux-9.3.0.tgz 3466ms (cache miss)
979 http fetch GET 200 https://registry.npmjs.org/immer/-/immer-11.1.15.tgz 3483ms (cache miss)
980 http fetch GET 200 https://registry.npmjs.org/esbuild 3322ms (cache miss)
981 silly packumentCache corgi:https://registry.npmjs.org/esbuild set size:undefined disposed:false
982 silly packumentCache corgi:https://registry.npmjs.org/@vitejs%2fplugin-react cache-miss
983 http fetch GET 200 https://registry.npmjs.org/@types/react-dom/-/react-dom-18.3.7.tgz 3613ms (cache miss)
984 http fetch GET 200 https://registry.npmjs.org/vite/-/vite-5.4.21.tgz 3894ms (cache miss)
985 http fetch GET 200 https://registry.npmjs.org/@vitejs%2fplugin-react 356ms (cache miss)
986 silly packumentCache corgi:https://registry.npmjs.org/@vitejs%2fplugin-react set size:undefined disposed:false
987 http fetch GET 200 https://registry.npmjs.org/@babel/core/-/core-7.29.7.tgz 4131ms (cache miss)
988 http fetch GET 200 https://registry.npmjs.org/@esbuild/win32-x64/-/win32-x64-0.21.5.tgz 4208ms (cache miss)
989 http fetch GET 200 https://registry.npmjs.org/@reduxjs/toolkit/-/toolkit-2.12.0.tgz 4614ms (cache miss)
990 http fetch GET 200 https://registry.npmjs.org/typescript/-/typescript-5.9.3.tgz 5824ms (cache miss)
991 http fetch GET 200 https://registry.npmjs.org/react/-/react-18.3.1.tgz 8866ms (cache miss)
992 info run esbuild@0.21.5 postinstall node_modules/esbuild node install.js
993 info run esbuild@0.21.5 postinstall { code: 0, signal: null }
994 silly ADD node_modules/@types/estree
995 silly ADD node_modules/@rollup/rollup-win32-x64-msvc
996 silly ADD node_modules/@rollup/rollup-win32-x64-gnu
997 silly ADD node_modules/source-map-js
998 silly ADD node_modules/nanoid
999 silly ADD node_modules/@esbuild/win32-x64
1000 silly ADD node_modules/rollup
1001 silly ADD node_modules/postcss
1002 silly ADD node_modules/esbuild
1003 silly ADD node_modules/escalade
1004 silly ADD node_modules/use-sync-external-store
1005 silly ADD node_modules/@types/use-sync-external-store
1006 silly ADD node_modules/scheduler
1007 silly ADD node_modules/loose-envify
1008 silly ADD node_modules/yallist
1009 silly ADD node_modules/ms
1010 silly ADD node_modules/update-browserslist-db
1011 silly ADD node_modules/node-releases
1012 silly ADD node_modules/electron-to-chromium
1013 silly ADD node_modules/caniuse-lite
1014 silly ADD node_modules/baseline-browser-mapping
1015 silly ADD node_modules/@types/babel__traverse
1016 silly ADD node_modules/@types/babel__template
1017 silly ADD node_modules/@types/babel__generator
1018 silly ADD node_modules/@jridgewell/resolve-uri
1019 silly ADD node_modules/@jridgewell/sourcemap-codec
1020 silly ADD node_modules/@babel/helper-string-parser
1021 silly ADD node_modules/@babel/helper-globals
1022 silly ADD node_modules/@babel/helper-plugin-utils
1023 silly ADD node_modules/@babel/helper-module-imports
1024 silly ADD node_modules/lru-cache
1025 silly ADD node_modules/browserslist
1026 silly ADD node_modules/@babel/helper-validator-option
1027 silly ADD node_modules/@babel/compat-data
1028 silly ADD node_modules/jsesc
1029 silly ADD node_modules/@jridgewell/trace-mapping
1030 silly ADD node_modules/@jridgewell/gen-mapping
1031 silly ADD node_modules/picocolors
1032 silly ADD node_modules/js-tokens
1033 silly ADD node_modules/@babel/helper-validator-identifier
1034 silly ADD node_modules/semver
1035 silly ADD node_modules/json5
1036 silly ADD node_modules/gensync
1037 silly ADD node_modules/debug
1038 silly ADD node_modules/convert-source-map
1039 silly ADD node_modules/@jridgewell/remapping
1040 silly ADD node_modules/@babel/types
1041 silly ADD node_modules/@babel/traverse
1042 silly ADD node_modules/@babel/template
1043 silly ADD node_modules/@babel/parser
1044 silly ADD node_modules/@babel/helpers
1045 silly ADD node_modules/@babel/helper-module-transforms
1046 silly ADD node_modules/@babel/helper-compilation-targets
1047 silly ADD node_modules/@babel/generator
1048 silly ADD node_modules/@babel/code-frame
1049 silly ADD node_modules/react-refresh
1050 silly ADD node_modules/@types/babel__core
1051 silly ADD node_modules/@rolldown/pluginutils
1052 silly ADD node_modules/@babel/plugin-transform-react-jsx-source
1053 silly ADD node_modules/@babel/plugin-transform-react-jsx-self
1054 silly ADD node_modules/@babel/core
1055 silly ADD node_modules/csstype
1056 silly ADD node_modules/@types/prop-types
1057 silly ADD node_modules/reselect
1058 silly ADD node_modules/redux-thunk
1059 silly ADD node_modules/redux
1060 silly ADD node_modules/immer
1061 silly ADD node_modules/@standard-schema/utils
1062 silly ADD node_modules/@standard-schema/spec
1063 silly ADD node_modules/typescript
1064 silly ADD node_modules/react-redux
1065 silly ADD node_modules/react-dom
1066 silly ADD node_modules/react
1067 silly ADD node_modules/vite
1068 silly ADD node_modules/@vitejs/plugin-react
1069 silly ADD node_modules/@types/react-dom
1070 silly ADD node_modules/@types/react
1071 silly ADD node_modules/@reduxjs/toolkit
1072 verbose cwd C:\Users\munag\Documents\Codex\2026-08-01\thi\frontend
1073 verbose os Windows_NT 10.0.26200
1074 verbose node v24.14.1
1075 verbose npm  v11.11.0
1076 notice
1076 notice New minor version of npm available! 11.11.0 -> 11.19.0
1076 notice Changelog: https://github.com/npm/cli/releases/tag/v11.19.0
1076 notice To update run: npm install -g npm@11.19.0
1076 notice  { force: true, Symbol(proc-log.meta): true }
1077 verbose exit 0
1078 info ok
